order_item_id,order_id,product_id,quantity,unit_price,subtotal
1,1,31,2,181.28,362.56
2,1,72,2,288.9,577.8
3,1,1,3,296.16,888.48
4,1,41,2,359.81,719.62
5,2,52,3,372.69,1118.07
6,2,23,5,465.17,2325.85
7,3,36,2,469.13,938.26
8,4,47,4,496.71,1986.84
9,4,47,1,496.71,496.71
10,4,45,3,430.36,1291.08
11,5,57,1,265.23,265.23
12,5,74,4,420.55,1682.2
13,5,83,2,39.67,79.34
14,5,24,1,61.23,61.23
15,6,16,3,63.89,191.67
16,6,58,3,50.53,151.59
17,7,42,1,140.15,140.15
18,7,3,4,156.65,626.6
19,7,25,4,164.44,657.76
20,8,20,1,325.41,325.41
21,8,34,3,271.24,813.72
22,8,92,5,212.51,1062.55
23,8,84,2,13.99,27.98
24,9,97,1,374.86,374.86
25,9,25,2,164.44,328.88
26,9,78,4,410.5,1642
27,9,29,5,499.95,2499.75
28,9,7,2,462.95,925.9
29,10,45,3,430.36,1291.08
30,10,34,5,271.24,1356.2
31,10,84,3,13.99,41.97
32,10,46,1,437.1,437.1
33,11,97,5,374.86,1874.3
34,11,48,1,283.6,283.6
35,11,24,3,61.23,183.69
36,12,60,4,64.01,256.04
37,12,1,3,296.16,888.48
38,12,46,4,437.1,1748.4
39,12,94,3,213.47,640.41
40,13,53,2,87.91,175.82
41,13,2,1,15.9,15.9
42,13,91,4,198.91,795.64
43,13,97,1,374.86,374.86
44,14,90,5,277.64,1388.2
45,14,96,1,99.09,99.09
46,15,51,4,182.75,731
47,15,57,2,265.23,530.46
48,16,33,5,72.83,364.15
49,16,80,2,415.5,831
50,16,7,1,462.95,462.95
51,16,88,1,311.47,311.47
52,16,97,3,374.86,1124.58
53,17,43,4,419.36,1677.44
54,17,1,5,296.16,1480.8
55,17,16,2,63.89,127.78
56,17,35,1,192,192
57,17,34,1,271.24,271.24
58,18,42,1,140.15,140.15
59,18,45,1,430.36,430.36
60,18,42,5,140.15,700.75
61,18,98,5,123.71,618.55
62,18,92,2,212.51,425.02
63,19,96,5,99.09,495.45
64,19,85,3,28.48,85.44
65,19,19,3,134.01,402.03
66,20,93,5,411.85,2059.25
67,21,96,5,99.09,495.45
68,21,63,4,422.93,1691.72
69,21,20,3,325.41,976.23
70,22,58,5,50.53,252.65
71,22,81,2,15.29,30.58
72,23,88,5,311.47,1557.35
73,23,60,3,64.01,192.03
74,23,75,2,356.67,713.34
75,23,23,3,465.17,1395.51
76,23,99,1,282.92,282.92
77,24,19,2,134.01,268.02
78,24,41,1,359.81,359.81
79,24,48,3,283.6,850.8
80,24,85,4,28.48,113.92
81,25,46,1,437.1,437.1
82,25,8,3,130.57,391.71
83,25,70,4,242.96,971.84
84,25,50,3,255.43,766.29
85,25,75,2,356.67,713.34
86,26,16,1,63.89,63.89
87,26,21,3,465.16,1395.48
88,26,8,5,130.57,652.85
89,27,99,1,282.92,282.92
90,27,5,1,489.52,489.52
91,27,60,3,64.01,192.03
92,28,72,2,288.9,577.8
93,29,99,2,282.92,565.84
94,30,46,2,437.1,874.2
95,31,63,2,422.93,845.86
96,31,48,2,283.6,567.2
97,32,36,3,469.13,1407.39
98,33,80,3,415.5,1246.5
99,33,82,2,280.87,561.74
100,33,35,4,192,768
101,33,3,1,156.65,156.65
102,34,68,3,358.28,1074.84
103,34,87,1,254.38,254.38
104,34,38,5,393.36,1966.8
105,34,90,3,277.64,832.92
106,35,99,3,282.92,848.76
107,35,98,1,123.71,123.71
108,36,65,4,36.8,147.2
109,36,77,1,362.44,362.44
110,36,30,2,163.34,326.68
111,37,50,1,255.43,255.43
112,37,83,2,39.67,79.34
113,38,59,1,241.49,241.49
114,38,20,4,325.41,1301.64
115,39,77,2,362.44,724.88
116,39,84,3,13.99,41.97
117,39,91,5,198.91,994.55
118,40,95,3,359.54,1078.62
119,41,96,1,99.09,99.09
120,42,69,5,224.73,1123.65
121,42,54,3,430.94,1292.82
122,42,65,1,36.8,36.8
123,42,23,3,465.17,1395.51
124,43,85,5,28.48,142.4
125,44,29,4,499.95,1999.8
126,44,68,2,358.28,716.56
127,45,86,3,406.01,1218.03
128,45,1,4,296.16,1184.64
129,45,39,5,50.23,251.15
130,46,68,5,358.28,1791.4
131,46,43,4,419.36,1677.44
132,47,19,1,134.01,134.01
133,47,19,5,134.01,670.05
134,47,66,5,448.18,2240.9
135,48,88,2,311.47,622.94
136,48,36,1,469.13,469.13
137,48,40,4,374.47,1497.88
138,49,89,5,105.47,527.35
139,49,45,1,430.36,430.36
140,50,31,2,181.28,362.56
141,50,22,2,145.44,290.88
142,50,5,4,489.52,1958.08
143,50,100,4,18.9,75.6
144,51,56,3,241.65,724.95
145,51,24,1,61.23,61.23
146,51,25,4,164.44,657.76
147,51,90,3,277.64,832.92
148,52,93,2,411.85,823.7
149,52,32,1,69.17,69.17
150,52,93,5,411.85,2059.25
151,53,88,3,311.47,934.41
152,53,45,2,430.36,860.72
153,53,18,4,147.15,588.6
154,53,81,2,15.29,30.58
155,54,38,1,393.36,393.36
156,54,28,5,435.07,2175.35
157,55,13,1,489.86,489.86
158,55,57,2,265.23,530.46
159,55,26,1,229.28,229.28
160,56,27,5,84.83,424.15
161,57,43,4,419.36,1677.44
162,57,71,3,395.36,1186.08
163,57,51,2,182.75,365.5
164,57,74,3,420.55,1261.65
165,58,14,4,339.67,1358.68
166,59,19,1,134.01,134.01
167,59,20,2,325.41,650.82
168,60,18,2,147.15,294.3
169,60,10,2,204.47,408.94
170,60,36,1,469.13,469.13
171,60,58,3,50.53,151.59
172,61,37,2,441.15,882.3
173,61,59,3,241.49,724.47
174,62,17,3,44.56,133.68
175,62,38,2,393.36,786.72
176,62,23,4,465.17,1860.68
177,62,88,2,311.47,622.94
178,62,69,2,224.73,449.46
179,63,56,5,241.65,1208.25
180,63,87,4,254.38,1017.52
181,63,83,4,39.67,158.68
182,63,70,1,242.96,242.96
183,64,39,4,50.23,200.92
184,65,20,1,325.41,325.41
185,66,3,4,156.65,626.6
186,66,22,3,145.44,436.32
187,66,79,1,149.87,149.87
188,66,43,1,419.36,419.36
189,67,89,4,105.47,421.88
190,67,23,5,465.17,2325.85
191,67,24,3,61.23,183.69
192,68,79,1,149.87,149.87
193,69,31,5,181.28,906.4
194,69,22,2,145.44,290.88
195,69,59,5,241.49,1207.45
196,69,48,3,283.6,850.8
197,69,72,1,288.9,288.9
198,70,13,2,489.86,979.72
199,70,15,5,244.14,1220.7
200,70,45,2,430.36,860.72
201,70,44,4,316.6,1266.4
202,71,100,1,18.9,18.9
203,71,18,2,147.15,294.3
204,71,92,4,212.51,850.04
205,72,21,1,465.16,465.16
206,73,33,5,72.83,364.15
207,73,58,4,50.53,202.12
208,73,46,4,437.1,1748.4
209,74,79,1,149.87,149.87
210,74,10,4,204.47,817.88
211,75,87,4,254.38,1017.52
212,75,37,4,441.15,1764.6
213,76,44,4,316.6,1266.4
214,76,80,3,415.5,1246.5
215,76,68,1,358.28,358.28
216,76,83,4,39.67,158.68
217,76,67,4,445.32,1781.28
218,77,32,3,69.17,207.51
219,77,44,5,316.6,1583
220,78,73,5,261.57,1307.85
221,78,91,2,198.91,397.82
222,79,17,5,44.56,222.8
223,79,19,4,134.01,536.04
224,79,37,5,441.15,2205.75
225,80,51,1,182.75,182.75
226,80,35,4,192,768
227,80,41,3,359.81,1079.43
228,80,87,3,254.38,763.14
229,81,94,1,213.47,213.47
230,82,9,2,294.35,588.7
231,83,31,1,181.28,181.28
232,83,90,4,277.64,1110.56
233,84,53,1,87.91,87.91
234,84,73,4,261.57,1046.28
235,85,75,5,356.67,1783.35
236,86,95,3,359.54,1078.62
237,86,73,3,261.57,784.71
238,86,92,2,212.51,425.02
239,86,34,1,271.24,271.24
240,87,99,1,282.92,282.92
241,87,1,2,296.16,592.32
242,87,45,2,430.36,860.72
243,88,14,3,339.67,1019.01
244,88,23,5,465.17,2325.85
245,89,25,5,164.44,822.2
246,89,95,2,359.54,719.08
247,89,79,5,149.87,749.35
248,89,54,4,430.94,1723.76
249,89,1,5,296.16,1480.8
250,90,82,3,280.87,842.61
251,90,100,3,18.9,56.7
252,90,21,3,465.16,1395.48
253,90,45,4,430.36,1721.44
254,91,34,3,271.24,813.72
255,91,31,1,181.28,181.28
256,91,63,1,422.93,422.93
257,91,82,5,280.87,1404.35
258,92,90,2,277.64,555.28
259,92,69,2,224.73,449.46
260,92,81,5,15.29,76.45
261,93,67,1,445.32,445.32
262,93,69,1,224.73,224.73
263,93,19,4,134.01,536.04
264,94,14,5,339.67,1698.35
265,95,43,3,419.36,1258.08
266,95,42,2,140.15,280.3
267,96,5,3,489.52,1468.56
268,96,60,3,64.01,192.03
269,96,15,5,244.14,1220.7
270,96,36,5,469.13,2345.65
271,96,71,3,395.36,1186.08
272,97,20,1,325.41,325.41
273,97,86,5,406.01,2030.05
274,97,78,4,410.5,1642
275,97,43,1,419.36,419.36
276,98,62,4,323.41,1293.64
277,98,11,2,187,374
278,98,81,3,15.29,45.87
279,98,96,1,99.09,99.09
280,99,41,1,359.81,359.81
281,99,80,2,415.5,831
282,99,49,4,442.76,1771.04
283,99,21,1,465.16,465.16
284,100,73,2,261.57,523.14
285,100,35,5,192,960
286,101,25,1,164.44,164.44
287,102,19,2,134.01,268.02
288,103,46,3,437.1,1311.3
289,104,3,4,156.65,626.6
290,104,56,3,241.65,724.95
291,105,16,2,63.89,127.78
292,105,43,4,419.36,1677.44
293,105,76,2,407.99,815.98
294,105,23,1,465.17,465.17
295,106,12,5,249.4,1247
296,106,10,1,204.47,204.47
297,107,77,1,362.44,362.44
298,107,10,4,204.47,817.88
299,107,8,2,130.57,261.14
300,107,1,5,296.16,1480.8
301,108,84,4,13.99,55.96
302,108,91,1,198.91,198.91
303,108,74,3,420.55,1261.65
304,109,84,3,13.99,41.97
305,109,51,3,182.75,548.25
306,109,23,1,465.17,465.17
307,110,54,1,430.94,430.94
308,110,49,5,442.76,2213.8
309,110,21,5,465.16,2325.8
310,110,36,1,469.13,469.13
311,111,50,5,255.43,1277.15
312,111,9,2,294.35,588.7
313,111,2,4,15.9,63.6
314,111,70,2,242.96,485.92
315,111,57,5,265.23,1326.15
316,112,63,4,422.93,1691.72
317,112,41,3,359.81,1079.43
318,112,40,2,374.47,748.94
319,113,48,4,283.6,1134.4
320,113,47,3,496.71,1490.13
321,113,4,2,339.06,678.12
322,113,42,1,140.15,140.15
323,113,45,3,430.36,1291.08
324,114,30,2,163.34,326.68
325,114,74,3,420.55,1261.65
326,114,59,4,241.49,965.96
327,115,73,3,261.57,784.71
328,115,26,5,229.28,1146.4
329,116,26,4,229.28,917.12
330,117,77,5,362.44,1812.2
331,117,46,1,437.1,437.1
332,117,53,2,87.91,175.82
333,117,8,2,130.57,261.14
334,117,13,5,489.86,2449.3
335,118,50,4,255.43,1021.72
336,118,22,5,145.44,727.2
337,118,58,1,50.53,50.53
338,119,35,5,192,960
339,119,19,2,134.01,268.02
340,119,41,3,359.81,1079.43
341,119,8,3,130.57,391.71
342,120,51,3,182.75,548.25
343,120,43,1,419.36,419.36
344,120,51,5,182.75,913.75
345,121,80,1,415.5,415.5
346,121,10,2,204.47,408.94
347,121,58,1,50.53,50.53
348,122,96,1,99.09,99.09
349,123,33,5,72.83,364.15
350,123,10,4,204.47,817.88
351,123,80,5,415.5,2077.5
352,123,50,2,255.43,510.86
353,123,84,3,13.99,41.97
354,124,77,2,362.44,724.88
355,124,66,2,448.18,896.36
356,124,22,5,145.44,727.2
357,124,84,4,13.99,55.96
358,125,71,3,395.36,1186.08
359,125,23,4,465.17,1860.68
360,125,64,2,392.81,785.62
361,125,72,2,288.9,577.8
362,126,99,4,282.92,1131.68
363,127,79,2,149.87,299.74
364,127,79,2,149.87,299.74
365,127,49,2,442.76,885.52
366,128,70,2,242.96,485.92
367,128,74,4,420.55,1682.2
368,128,86,2,406.01,812.02
369,128,37,1,441.15,441.15
370,129,4,1,339.06,339.06
371,129,32,5,69.17,345.85
372,129,98,2,123.71,247.42
373,129,19,2,134.01,268.02
374,130,71,2,395.36,790.72
375,130,94,1,213.47,213.47
376,130,30,4,163.34,653.36
377,130,39,2,50.23,100.46
378,131,13,3,489.86,1469.58
379,131,87,2,254.38,508.76
380,131,88,4,311.47,1245.88
381,132,93,5,411.85,2059.25
382,132,56,2,241.65,483.3
383,133,93,5,411.85,2059.25
384,133,34,4,271.24,1084.96
385,134,71,2,395.36,790.72
386,134,53,3,87.91,263.73
387,134,14,5,339.67,1698.35
388,135,46,1,437.1,437.1
389,135,92,4,212.51,850.04
390,135,100,2,18.9,37.8
391,135,95,5,359.54,1797.7
392,135,49,4,442.76,1771.04
393,136,50,2,255.43,510.86
394,136,28,3,435.07,1305.21
395,136,90,5,277.64,1388.2
396,136,40,4,374.47,1497.88
397,136,30,2,163.34,326.68
398,137,72,3,288.9,866.7
399,138,8,5,130.57,652.85
400,138,63,3,422.93,1268.79
401,138,6,3,417.63,1252.89
402,139,80,5,415.5,2077.5
403,139,68,2,358.28,716.56
404,139,72,4,288.9,1155.6
405,139,38,3,393.36,1180.08
406,140,48,2,283.6,567.2
407,140,20,5,325.41,1627.05
408,140,34,5,271.24,1356.2
409,140,10,3,204.47,613.41
410,140,22,5,145.44,727.2
411,141,2,5,15.9,79.5
412,142,25,1,164.44,164.44
413,143,27,5,84.83,424.15
414,144,20,4,325.41,1301.64
415,144,90,5,277.64,1388.2
416,144,73,3,261.57,784.71
417,144,97,4,374.86,1499.44
418,144,88,5,311.47,1557.35
419,145,26,2,229.28,458.56
420,145,54,5,430.94,2154.7
421,145,18,2,147.15,294.3
422,145,73,3,261.57,784.71
423,146,96,3,99.09,297.27
424,147,86,4,406.01,1624.04
425,148,42,1,140.15,140.15
426,148,44,2,316.6,633.2
427,148,40,3,374.47,1123.41
428,148,34,2,271.24,542.48
429,149,83,2,39.67,79.34
430,150,24,2,61.23,122.46
431,150,13,3,489.86,1469.58
432,150,5,5,489.52,2447.6
433,151,50,2,255.43,510.86
434,151,80,4,415.5,1662
435,151,67,2,445.32,890.64
436,152,91,4,198.91,795.64
437,153,5,2,489.52,979.04
438,153,79,1,149.87,149.87
439,153,90,1,277.64,277.64
440,154,63,5,422.93,2114.65
441,154,4,1,339.06,339.06
442,154,30,4,163.34,653.36
443,155,72,4,288.9,1155.6
444,156,2,1,15.9,15.9
445,157,61,1,329.26,329.26
446,157,14,5,339.67,1698.35
447,158,93,5,411.85,2059.25
448,159,85,3,28.48,85.44
449,159,32,1,69.17,69.17
450,159,68,2,358.28,716.56
451,159,41,1,359.81,359.81
452,160,11,3,187,561
453,160,64,5,392.81,1964.05
454,160,59,2,241.49,482.98
455,160,41,4,359.81,1439.24
456,161,31,3,181.28,543.84
457,161,38,4,393.36,1573.44
458,161,53,1,87.91,87.91
459,161,21,4,465.16,1860.64
460,162,56,3,241.65,724.95
461,162,36,2,469.13,938.26
462,162,91,2,198.91,397.82
463,162,88,5,311.47,1557.35
464,162,90,1,277.64,277.64
465,163,33,4,72.83,291.32
466,164,95,3,359.54,1078.62
467,164,46,3,437.1,1311.3
468,164,31,5,181.28,906.4
469,164,28,1,435.07,435.07
470,165,10,2,204.47,408.94
471,166,14,4,339.67,1358.68
472,167,91,5,198.91,994.55
473,167,34,3,271.24,813.72
474,168,1,1,296.16,296.16
475,169,95,2,359.54,719.08
476,169,8,2,130.57,261.14
477,169,11,3,187,561
478,170,44,1,316.6,316.6
479,171,79,1,149.87,149.87
480,171,10,5,204.47,1022.35
481,172,17,2,44.56,89.12
482,172,8,4,130.57,522.28
483,172,100,4,18.9,75.6
484,172,14,1,339.67,339.67
485,173,33,3,72.83,218.49
486,173,61,5,329.26,1646.3
487,173,13,1,489.86,489.86
488,173,59,2,241.49,482.98
489,173,80,4,415.5,1662
490,174,38,3,393.36,1180.08
491,174,60,5,64.01,320.05
492,175,98,4,123.71,494.84
493,175,66,5,448.18,2240.9
494,175,36,1,469.13,469.13
495,176,5,2,489.52,979.04
496,176,92,1,212.51,212.51
497,177,60,5,64.01,320.05
498,177,42,4,140.15,560.6
499,177,17,3,44.56,133.68
500,177,54,3,430.94,1292.82
501,177,70,4,242.96,971.84
502,178,32,4,69.17,276.68
503,178,36,5,469.13,2345.65
504,178,40,4,374.47,1497.88
505,178,1,4,296.16,1184.64
506,179,5,2,489.52,979.04
507,179,43,5,419.36,2096.8
508,179,71,2,395.36,790.72
509,179,9,5,294.35,1471.75
510,180,1,4,296.16,1184.64
511,181,38,4,393.36,1573.44
512,181,78,1,410.5,410.5
513,181,9,1,294.35,294.35
514,182,20,2,325.41,650.82
515,183,22,4,145.44,581.76
516,183,48,3,283.6,850.8
517,184,68,1,358.28,358.28
518,184,97,4,374.86,1499.44
519,184,63,2,422.93,845.86
520,184,66,1,448.18,448.18
521,185,81,2,15.29,30.58
522,185,4,1,339.06,339.06
523,185,16,3,63.89,191.67
524,185,95,3,359.54,1078.62
525,186,48,5,283.6,1418
526,187,15,1,244.14,244.14
527,187,55,4,87.61,350.44
528,187,6,1,417.63,417.63
529,187,67,4,445.32,1781.28
530,187,97,1,374.86,374.86
531,188,11,4,187,748
532,188,70,5,242.96,1214.8
533,188,36,4,469.13,1876.52
534,189,7,5,462.95,2314.75
535,189,77,1,362.44,362.44
536,190,21,3,465.16,1395.48
537,191,21,3,465.16,1395.48
538,192,96,4,99.09,396.36
539,192,76,4,407.99,1631.96
540,192,34,4,271.24,1084.96
541,192,59,2,241.49,482.98
542,193,66,3,448.18,1344.54
543,193,30,4,163.34,653.36
544,193,89,2,105.47,210.94
545,194,16,2,63.89,127.78
546,194,55,4,87.61,350.44
547,194,24,1,61.23,61.23
548,194,14,4,339.67,1358.68
549,195,25,4,164.44,657.76
550,195,93,5,411.85,2059.25
551,195,27,5,84.83,424.15
552,195,76,4,407.99,1631.96
553,195,50,4,255.43,1021.72
554,196,82,3,280.87,842.61
555,196,95,1,359.54,359.54
556,196,65,2,36.8,73.6
557,196,61,5,329.26,1646.3
558,196,95,2,359.54,719.08
559,197,15,5,244.14,1220.7
560,197,43,1,419.36,419.36
561,197,92,4,212.51,850.04
562,198,34,1,271.24,271.24
563,198,78,5,410.5,2052.5
564,198,34,1,271.24,271.24
565,199,37,1,441.15,441.15
566,199,55,4,87.61,350.44
567,199,3,3,156.65,469.95
568,199,98,1,123.71,123.71
569,200,79,2,149.87,299.74
570,201,27,3,84.83,254.49
571,201,78,4,410.5,1642
572,201,26,3,229.28,687.84
573,202,23,5,465.17,2325.85
574,203,61,4,329.26,1317.04
575,204,47,2,496.71,993.42
576,204,68,2,358.28,716.56
577,204,78,4,410.5,1642
578,205,43,5,419.36,2096.8
579,205,47,1,496.71,496.71
580,205,23,2,465.17,930.34
581,205,12,3,249.4,748.2
582,206,27,2,84.83,169.66
583,206,98,1,123.71,123.71
584,207,70,2,242.96,485.92
585,207,41,2,359.81,719.62
586,207,48,4,283.6,1134.4
587,207,21,4,465.16,1860.64
588,208,47,1,496.71,496.71
589,208,56,5,241.65,1208.25
590,208,4,5,339.06,1695.3
591,208,53,2,87.91,175.82
592,208,91,4,198.91,795.64
593,209,67,5,445.32,2226.6
594,210,82,1,280.87,280.87
595,210,8,3,130.57,391.71
596,210,24,2,61.23,122.46
597,210,90,2,277.64,555.28
598,211,25,2,164.44,328.88
599,211,38,1,393.36,393.36
600,211,18,3,147.15,441.45
601,212,36,5,469.13,2345.65
602,212,67,4,445.32,1781.28
603,212,17,2,44.56,89.12
604,212,83,4,39.67,158.68
605,213,96,1,99.09,99.09
606,213,46,1,437.1,437.1
607,214,36,3,469.13,1407.39
608,214,10,5,204.47,1022.35
609,214,51,4,182.75,731
610,214,79,3,149.87,449.61
611,215,23,1,465.17,465.17
612,215,5,5,489.52,2447.6
613,215,97,5,374.86,1874.3
614,215,37,5,441.15,2205.75
615,215,25,1,164.44,164.44
616,216,32,1,69.17,69.17
617,216,61,5,329.26,1646.3
618,216,52,1,372.69,372.69
619,217,7,3,462.95,1388.85
620,217,28,2,435.07,870.14
621,218,20,1,325.41,325.41
622,219,31,2,181.28,362.56
623,219,15,4,244.14,976.56
624,219,23,3,465.17,1395.51
625,219,14,2,339.67,679.34
626,219,43,1,419.36,419.36
627,220,81,5,15.29,76.45
628,220,25,2,164.44,328.88
629,221,91,1,198.91,198.91
630,222,31,4,181.28,725.12
631,223,45,4,430.36,1721.44
632,223,86,1,406.01,406.01
633,223,80,1,415.5,415.5
634,223,15,1,244.14,244.14
635,223,39,5,50.23,251.15
636,224,16,1,63.89,63.89
637,224,42,2,140.15,280.3
638,225,61,1,329.26,329.26
639,225,6,5,417.63,2088.15
640,226,87,5,254.38,1271.9
641,226,12,5,249.4,1247
642,226,48,5,283.6,1418
643,226,20,5,325.41,1627.05
644,227,59,5,241.49,1207.45
645,227,4,5,339.06,1695.3
646,227,21,1,465.16,465.16
647,227,87,5,254.38,1271.9
648,228,96,4,99.09,396.36
649,228,91,2,198.91,397.82
650,228,1,4,296.16,1184.64
651,229,74,5,420.55,2102.75
652,229,78,2,410.5,821
653,229,78,1,410.5,410.5
654,229,63,3,422.93,1268.79
655,230,87,2,254.38,508.76
656,230,23,5,465.17,2325.85
657,230,31,3,181.28,543.84
658,231,38,5,393.36,1966.8
659,231,88,2,311.47,622.94
660,231,94,3,213.47,640.41
661,231,87,1,254.38,254.38
662,232,28,5,435.07,2175.35
663,233,75,4,356.67,1426.68
664,234,24,3,61.23,183.69
665,234,40,1,374.47,374.47
666,234,22,1,145.44,145.44
667,235,24,3,61.23,183.69
668,235,81,1,15.29,15.29
669,235,60,3,64.01,192.03
670,235,34,3,271.24,813.72
671,236,2,5,15.9,79.5
672,236,1,4,296.16,1184.64
673,236,3,2,156.65,313.3
674,237,45,4,430.36,1721.44
675,237,79,2,149.87,299.74
676,238,18,5,147.15,735.75
677,238,96,4,99.09,396.36
678,238,92,4,212.51,850.04
679,238,56,3,241.65,724.95
680,239,54,4,430.94,1723.76
681,239,25,3,164.44,493.32
682,239,63,5,422.93,2114.65
683,239,70,3,242.96,728.88
684,240,83,2,39.67,79.34
685,240,43,1,419.36,419.36
686,240,60,4,64.01,256.04
687,240,97,1,374.86,374.86
688,241,14,3,339.67,1019.01
689,241,10,1,204.47,204.47
690,242,27,1,84.83,84.83
691,243,59,5,241.49,1207.45
692,243,93,3,411.85,1235.55
693,243,56,1,241.65,241.65
694,244,92,1,212.51,212.51
695,245,44,2,316.6,633.2
696,245,7,1,462.95,462.95
697,245,25,5,164.44,822.2
698,245,48,2,283.6,567.2
699,245,25,4,164.44,657.76
700,246,75,1,356.67,356.67
701,246,27,4,84.83,339.32
702,246,74,2,420.55,841.1
703,246,66,2,448.18,896.36
704,247,73,4,261.57,1046.28
705,247,39,2,50.23,100.46
706,247,9,3,294.35,883.05
707,247,46,5,437.1,2185.5
708,247,86,2,406.01,812.02
709,248,90,3,277.64,832.92
710,248,80,2,415.5,831
711,249,40,1,374.47,374.47
712,249,51,4,182.75,731
713,249,51,4,182.75,731
714,249,88,3,311.47,934.41
715,250,14,2,339.67,679.34
716,250,12,3,249.4,748.2
717,251,77,4,362.44,1449.76
718,251,86,1,406.01,406.01
719,251,89,4,105.47,421.88
720,252,79,3,149.87,449.61
721,252,8,3,130.57,391.71
722,252,6,1,417.63,417.63
723,252,74,4,420.55,1682.2
724,252,98,2,123.71,247.42
725,253,13,3,489.86,1469.58
726,254,77,4,362.44,1449.76
727,254,86,4,406.01,1624.04
728,254,76,5,407.99,2039.95
729,255,8,5,130.57,652.85
730,255,7,3,462.95,1388.85
731,255,76,1,407.99,407.99
732,255,24,5,61.23,306.15
733,256,56,1,241.65,241.65
734,257,8,3,130.57,391.71
735,257,11,1,187,187
736,257,83,4,39.67,158.68
737,257,4,1,339.06,339.06
738,257,99,5,282.92,1414.6
739,258,35,1,192,192
740,258,34,2,271.24,542.48
741,258,10,3,204.47,613.41
742,258,77,2,362.44,724.88
743,259,15,2,244.14,488.28
744,259,31,3,181.28,543.84
745,259,93,2,411.85,823.7
746,259,77,5,362.44,1812.2
747,259,65,1,36.8,36.8
748,260,48,2,283.6,567.2
749,261,81,4,15.29,61.16
750,261,68,2,358.28,716.56
751,262,46,5,437.1,2185.5
752,262,38,5,393.36,1966.8
753,262,25,4,164.44,657.76
754,262,43,5,419.36,2096.8
755,263,46,5,437.1,2185.5
756,263,39,5,50.23,251.15
757,263,30,5,163.34,816.7
758,263,57,1,265.23,265.23
759,264,84,1,13.99,13.99
760,264,77,1,362.44,362.44
761,265,7,4,462.95,1851.8
762,265,66,3,448.18,1344.54
763,266,35,5,192,960
764,266,100,2,18.9,37.8
765,266,41,4,359.81,1439.24
766,266,67,2,445.32,890.64
767,266,92,1,212.51,212.51
768,267,38,2,393.36,786.72
769,268,100,4,18.9,75.6
770,268,15,5,244.14,1220.7
771,268,88,1,311.47,311.47
772,268,48,5,283.6,1418
773,268,46,5,437.1,2185.5
774,269,77,1,362.44,362.44
775,269,10,2,204.47,408.94
776,269,88,5,311.47,1557.35
777,269,12,3,249.4,748.2
778,270,67,5,445.32,2226.6
779,270,41,2,359.81,719.62
780,270,49,5,442.76,2213.8
781,270,39,2,50.23,100.46
782,270,20,2,325.41,650.82
783,271,26,4,229.28,917.12
784,271,96,4,99.09,396.36
785,271,81,2,15.29,30.58
786,272,88,5,311.47,1557.35
787,272,41,3,359.81,1079.43
788,273,69,4,224.73,898.92
789,273,92,2,212.51,425.02
790,273,45,2,430.36,860.72
791,274,98,5,123.71,618.55
792,274,62,4,323.41,1293.64
793,275,2,2,15.9,31.8
794,276,16,5,63.89,319.45
795,276,37,1,441.15,441.15
796,276,89,5,105.47,527.35
797,276,40,1,374.47,374.47
798,277,43,5,419.36,2096.8
799,277,57,3,265.23,795.69
800,277,5,2,489.52,979.04
801,278,43,4,419.36,1677.44
802,278,45,2,430.36,860.72
803,279,54,3,430.94,1292.82
804,279,11,1,187,187
805,280,5,4,489.52,1958.08
806,280,17,5,44.56,222.8
807,280,9,1,294.35,294.35
808,280,15,5,244.14,1220.7
809,281,23,2,465.17,930.34
810,281,63,1,422.93,422.93
811,282,32,1,69.17,69.17
812,282,50,2,255.43,510.86
813,282,75,2,356.67,713.34
814,282,52,2,372.69,745.38
815,282,4,5,339.06,1695.3
816,283,7,4,462.95,1851.8
817,283,100,4,18.9,75.6
818,283,52,2,372.69,745.38
819,284,93,5,411.85,2059.25
820,284,29,2,499.95,999.9
821,284,87,4,254.38,1017.52
822,284,93,5,411.85,2059.25
823,284,18,3,147.15,441.45
824,285,35,3,192,576
825,286,44,1,316.6,316.6
826,286,70,3,242.96,728.88
827,286,96,1,99.09,99.09
828,287,38,4,393.36,1573.44
829,287,7,4,462.95,1851.8
830,287,51,2,182.75,365.5
831,288,69,4,224.73,898.92
832,288,70,1,242.96,242.96
833,288,44,3,316.6,949.8
834,288,79,4,149.87,599.48
835,288,62,1,323.41,323.41
836,289,78,5,410.5,2052.5
837,289,4,1,339.06,339.06
838,289,53,3,87.91,263.73
839,289,75,5,356.67,1783.35
840,290,100,3,18.9,56.7
841,290,72,2,288.9,577.8
842,291,93,3,411.85,1235.55
843,292,39,3,50.23,150.69
844,292,33,4,72.83,291.32
845,292,32,5,69.17,345.85
846,292,82,2,280.87,561.74
847,293,37,2,441.15,882.3
848,293,85,5,28.48,142.4
849,293,50,5,255.43,1277.15
850,294,51,4,182.75,731
851,294,40,1,374.47,374.47
852,294,52,4,372.69,1490.76
853,294,85,5,28.48,142.4
854,294,67,3,445.32,1335.96
855,295,17,2,44.56,89.12
856,295,83,3,39.67,119.01
857,295,89,2,105.47,210.94
858,296,88,1,311.47,311.47
859,296,37,2,441.15,882.3
860,297,9,1,294.35,294.35
861,297,45,2,430.36,860.72
862,298,51,2,182.75,365.5
863,298,68,5,358.28,1791.4
864,298,37,5,441.15,2205.75
865,298,37,1,441.15,441.15
866,298,8,3,130.57,391.71
867,299,26,4,229.28,917.12
868,300,22,3,145.44,436.32
869,300,39,4,50.23,200.92
870,300,48,2,283.6,567.2
871,300,90,3,277.64,832.92
872,300,1,2,296.16,592.32
873,301,80,3,415.5,1246.5
874,302,12,4,249.4,997.6
875,303,78,4,410.5,1642
876,304,66,5,448.18,2240.9
877,304,32,5,69.17,345.85
878,304,41,5,359.81,1799.05
879,305,64,4,392.81,1571.24
880,306,8,3,130.57,391.71
881,306,96,1,99.09,99.09
882,306,1,3,296.16,888.48
883,307,100,3,18.9,56.7
884,307,91,5,198.91,994.55
885,308,13,3,489.86,1469.58
886,308,70,5,242.96,1214.8
887,308,29,3,499.95,1499.85
888,308,26,3,229.28,687.84
889,308,36,1,469.13,469.13
890,309,60,1,64.01,64.01
891,309,36,3,469.13,1407.39
892,310,35,4,192,768
893,310,19,2,134.01,268.02
894,311,79,5,149.87,749.35
895,311,58,5,50.53,252.65
896,311,12,5,249.4,1247
897,311,5,2,489.52,979.04
898,312,37,4,441.15,1764.6
899,312,58,4,50.53,202.12
900,312,60,5,64.01,320.05
901,312,69,5,224.73,1123.65
902,312,89,4,105.47,421.88
903,313,87,4,254.38,1017.52
904,313,73,4,261.57,1046.28
905,313,15,3,244.14,732.42
906,314,53,4,87.91,351.64
907,315,77,4,362.44,1449.76
908,316,22,5,145.44,727.2
909,316,83,2,39.67,79.34
910,316,44,5,316.6,1583
911,316,12,1,249.4,249.4
912,316,2,3,15.9,47.7
913,317,64,1,392.81,392.81
914,317,38,2,393.36,786.72
915,317,90,2,277.64,555.28
916,318,79,5,149.87,749.35
917,318,85,1,28.48,28.48
918,319,96,5,99.09,495.45
919,319,74,3,420.55,1261.65
920,320,73,4,261.57,1046.28
921,320,40,1,374.47,374.47
922,320,73,4,261.57,1046.28
923,320,17,1,44.56,44.56
924,321,33,2,72.83,145.66
925,321,53,3,87.91,263.73
926,322,56,3,241.65,724.95
927,322,5,1,489.52,489.52
928,322,92,2,212.51,425.02
929,323,66,2,448.18,896.36
930,323,58,4,50.53,202.12
931,324,45,5,430.36,2151.8
932,324,24,1,61.23,61.23
933,324,30,3,163.34,490.02
934,324,79,2,149.87,299.74
935,325,96,3,99.09,297.27
936,325,44,5,316.6,1583
937,326,46,4,437.1,1748.4
938,326,77,5,362.44,1812.2
939,326,93,1,411.85,411.85
940,327,71,2,395.36,790.72
941,327,100,3,18.9,56.7
942,328,89,1,105.47,105.47
943,328,77,1,362.44,362.44
944,329,41,4,359.81,1439.24
945,329,79,5,149.87,749.35
946,329,95,3,359.54,1078.62
947,330,90,5,277.64,1388.2
948,330,64,2,392.81,785.62
949,330,62,4,323.41,1293.64
950,330,8,2,130.57,261.14
951,330,62,4,323.41,1293.64
952,331,44,5,316.6,1583
953,332,96,2,99.09,198.18
954,332,81,2,15.29,30.58
955,332,67,4,445.32,1781.28
956,332,28,2,435.07,870.14
957,333,29,3,499.95,1499.85
958,334,64,4,392.81,1571.24
959,334,5,1,489.52,489.52
960,334,52,3,372.69,1118.07
961,334,29,2,499.95,999.9
962,334,99,3,282.92,848.76
963,335,7,1,462.95,462.95
964,335,24,5,61.23,306.15
965,336,50,5,255.43,1277.15
966,337,29,5,499.95,2499.75
967,338,13,2,489.86,979.72
968,338,86,4,406.01,1624.04
969,338,67,3,445.32,1335.96
970,339,89,3,105.47,316.41
971,340,94,2,213.47,426.94
972,340,67,4,445.32,1781.28
973,341,95,4,359.54,1438.16
974,341,13,5,489.86,2449.3
975,341,48,4,283.6,1134.4
976,341,5,1,489.52,489.52
977,341,67,2,445.32,890.64
978,342,7,3,462.95,1388.85
979,342,31,3,181.28,543.84
980,343,18,2,147.15,294.3
981,343,86,1,406.01,406.01
982,344,47,5,496.71,2483.55
983,344,62,3,323.41,970.23
984,345,91,4,198.91,795.64
985,345,89,4,105.47,421.88
986,345,84,3,13.99,41.97
987,345,76,2,407.99,815.98
988,345,51,3,182.75,548.25
989,346,87,3,254.38,763.14
990,346,53,3,87.91,263.73
991,346,97,3,374.86,1124.58
992,346,73,2,261.57,523.14
993,346,81,4,15.29,61.16
994,347,69,3,224.73,674.19
995,347,57,3,265.23,795.69
996,347,48,2,283.6,567.2
997,347,27,2,84.83,169.66
998,348,49,2,442.76,885.52
999,348,28,2,435.07,870.14
1000,348,49,3,442.76,1328.28
1001,349,84,5,13.99,69.95
1002,349,82,3,280.87,842.61
1003,349,76,2,407.99,815.98
1004,350,56,3,241.65,724.95
1005,350,27,4,84.83,339.32
1006,350,77,4,362.44,1449.76
1007,351,38,5,393.36,1966.8
1008,351,76,1,407.99,407.99
1009,352,52,5,372.69,1863.45
1010,352,99,1,282.92,282.92
1011,353,4,5,339.06,1695.3
1012,353,79,1,149.87,149.87
1013,354,53,2,87.91,175.82
1014,354,34,4,271.24,1084.96
1015,354,68,4,358.28,1433.12
1016,355,89,1,105.47,105.47
1017,356,49,3,442.76,1328.28
1018,356,60,3,64.01,192.03
1019,356,86,5,406.01,2030.05
1020,357,58,2,50.53,101.06
1021,357,67,1,445.32,445.32
1022,357,84,4,13.99,55.96
1023,358,45,4,430.36,1721.44
1024,358,44,1,316.6,316.6
1025,358,16,3,63.89,191.67
1026,358,90,1,277.64,277.64
1027,359,70,1,242.96,242.96
1028,359,86,1,406.01,406.01
1029,359,62,3,323.41,970.23
1030,360,78,2,410.5,821
1031,360,89,3,105.47,316.41
1032,361,34,1,271.24,271.24
1033,362,53,2,87.91,175.82
1034,362,85,2,28.48,56.96
1035,362,65,5,36.8,184
1036,363,8,1,130.57,130.57
1037,363,27,4,84.83,339.32
1038,363,43,5,419.36,2096.8
1039,364,70,2,242.96,485.92
1040,365,20,2,325.41,650.82
1041,365,62,2,323.41,646.82
1042,365,66,1,448.18,448.18
1043,365,46,4,437.1,1748.4
1044,365,25,5,164.44,822.2
1045,366,6,1,417.63,417.63
1046,366,73,2,261.57,523.14
1047,366,27,4,84.83,339.32
1048,367,77,2,362.44,724.88
1049,367,39,3,50.23,150.69
1050,367,92,4,212.51,850.04
1051,367,28,5,435.07,2175.35
1052,367,77,1,362.44,362.44
1053,368,69,4,224.73,898.92
1054,368,91,4,198.91,795.64
1055,369,78,3,410.5,1231.5
1056,369,41,1,359.81,359.81
1057,369,23,4,465.17,1860.68
1058,369,20,3,325.41,976.23
1059,369,26,5,229.28,1146.4
1060,370,7,2,462.95,925.9
1061,370,94,2,213.47,426.94
1062,371,7,3,462.95,1388.85
1063,371,97,4,374.86,1499.44
1064,371,14,1,339.67,339.67
1065,371,3,1,156.65,156.65
1066,372,59,3,241.49,724.47
1067,372,70,2,242.96,485.92
1068,372,97,1,374.86,374.86
1069,372,48,3,283.6,850.8
1070,372,55,1,87.61,87.61
1071,373,20,1,325.41,325.41
1072,373,6,5,417.63,2088.15
1073,373,85,4,28.48,113.92
1074,374,95,5,359.54,1797.7
1075,374,27,2,84.83,169.66
1076,374,91,4,198.91,795.64
1077,374,52,3,372.69,1118.07
1078,375,12,4,249.4,997.6
1079,375,11,5,187,935
1080,375,49,3,442.76,1328.28
1081,375,27,5,84.83,424.15
1082,375,3,3,156.65,469.95
1083,376,75,5,356.67,1783.35
1084,376,25,5,164.44,822.2
1085,376,17,3,44.56,133.68
1086,376,72,4,288.9,1155.6
1087,377,55,4,87.61,350.44
1088,378,27,4,84.83,339.32
1089,378,16,1,63.89,63.89
1090,378,50,3,255.43,766.29
1091,378,46,5,437.1,2185.5
1092,378,79,5,149.87,749.35
1093,379,57,3,265.23,795.69
1094,379,51,3,182.75,548.25
1095,379,71,1,395.36,395.36
1096,379,99,5,282.92,1414.6
1097,379,98,4,123.71,494.84
1098,380,78,2,410.5,821
1099,380,76,3,407.99,1223.97
1100,380,75,1,356.67,356.67
1101,380,35,4,192,768
1102,381,88,4,311.47,1245.88
1103,382,32,5,69.17,345.85
1104,382,18,3,147.15,441.45
1105,382,4,1,339.06,339.06
1106,382,6,5,417.63,2088.15
1107,383,28,1,435.07,435.07
1108,383,23,1,465.17,465.17
1109,383,33,3,72.83,218.49
1110,383,27,2,84.83,169.66
1111,383,8,3,130.57,391.71
1112,384,35,5,192,960
1113,384,97,4,374.86,1499.44
1114,384,20,1,325.41,325.41
1115,384,2,4,15.9,63.6
1116,385,99,5,282.92,1414.6
1117,385,61,1,329.26,329.26
1118,385,87,1,254.38,254.38
1119,385,67,5,445.32,2226.6
1120,386,98,1,123.71,123.71
1121,386,28,4,435.07,1740.28
1122,386,63,3,422.93,1268.79
1123,387,89,5,105.47,527.35
1124,388,9,5,294.35,1471.75
1125,388,11,1,187,187
1126,389,46,1,437.1,437.1
1127,390,81,1,15.29,15.29
1128,390,55,5,87.61,438.05
1129,390,60,1,64.01,64.01
1130,391,10,2,204.47,408.94
1131,391,86,1,406.01,406.01
1132,392,71,1,395.36,395.36
1133,393,8,1,130.57,130.57
1134,393,72,3,288.9,866.7
1135,393,90,4,277.64,1110.56
1136,393,97,5,374.86,1874.3
1137,393,3,2,156.65,313.3
1138,394,25,2,164.44,328.88
1139,394,50,2,255.43,510.86
1140,394,58,5,50.53,252.65
1141,395,43,2,419.36,838.72
1142,395,57,4,265.23,1060.92
1143,395,22,1,145.44,145.44
1144,395,38,1,393.36,393.36
1145,395,29,4,499.95,1999.8
1146,396,90,1,277.64,277.64
1147,396,4,2,339.06,678.12
1148,397,9,3,294.35,883.05
1149,398,40,4,374.47,1497.88
1150,398,16,5,63.89,319.45
1151,398,11,2,187,374
1152,398,19,2,134.01,268.02
1153,398,9,4,294.35,1177.4
1154,399,9,4,294.35,1177.4
1155,399,40,5,374.47,1872.35
1156,399,92,1,212.51,212.51
1157,399,84,3,13.99,41.97
1158,399,86,2,406.01,812.02
1159,400,30,4,163.34,653.36
1160,401,14,1,339.67,339.67
1161,401,25,3,164.44,493.32
1162,401,73,1,261.57,261.57
1163,402,45,5,430.36,2151.8
1164,402,17,4,44.56,178.24
1165,402,93,3,411.85,1235.55
1166,402,50,5,255.43,1277.15
1167,403,23,5,465.17,2325.85
1168,403,24,3,61.23,183.69
1169,403,99,2,282.92,565.84
1170,403,27,2,84.83,169.66
1171,403,28,1,435.07,435.07
1172,404,38,2,393.36,786.72
1173,405,55,3,87.61,262.83
1174,405,98,4,123.71,494.84
1175,405,24,4,61.23,244.92
1176,405,99,3,282.92,848.76
1177,405,27,1,84.83,84.83
1178,406,63,4,422.93,1691.72
1179,406,78,5,410.5,2052.5
1180,406,3,3,156.65,469.95
1181,407,34,1,271.24,271.24
1182,407,89,5,105.47,527.35
1183,407,21,2,465.16,930.32
1184,407,76,2,407.99,815.98
1185,408,59,3,241.49,724.47
1186,408,73,5,261.57,1307.85
1187,408,21,2,465.16,930.32
1188,408,78,2,410.5,821
1189,408,75,5,356.67,1783.35
1190,409,66,1,448.18,448.18
1191,409,49,3,442.76,1328.28
1192,409,45,5,430.36,2151.8
1193,409,19,4,134.01,536.04
1194,410,58,2,50.53,101.06
1195,410,25,4,164.44,657.76
1196,410,56,1,241.65,241.65
1197,411,5,5,489.52,2447.6
1198,411,88,2,311.47,622.94
1199,411,44,3,316.6,949.8
1200,412,57,3,265.23,795.69
1201,412,16,5,63.89,319.45
1202,412,15,3,244.14,732.42
1203,413,4,2,339.06,678.12
1204,413,28,2,435.07,870.14
1205,413,81,4,15.29,61.16
1206,413,84,5,13.99,69.95
1207,413,68,1,358.28,358.28
1208,414,85,1,28.48,28.48
1209,415,21,2,465.16,930.32
1210,415,16,5,63.89,319.45
1211,416,45,4,430.36,1721.44
1212,417,79,4,149.87,599.48
1213,417,45,4,430.36,1721.44
1214,417,34,1,271.24,271.24
1215,417,7,4,462.95,1851.8
1216,418,98,3,123.71,371.13
1217,418,2,3,15.9,47.7
1218,418,19,4,134.01,536.04
1219,418,69,3,224.73,674.19
1220,419,18,5,147.15,735.75
1221,419,57,2,265.23,530.46
1222,420,8,2,130.57,261.14
1223,420,19,4,134.01,536.04
1224,420,34,5,271.24,1356.2
1225,420,33,2,72.83,145.66
1226,420,2,3,15.9,47.7
1227,421,27,2,84.83,169.66
1228,421,22,3,145.44,436.32
1229,421,28,1,435.07,435.07
1230,422,78,3,410.5,1231.5
1231,422,66,2,448.18,896.36
1232,423,24,3,61.23,183.69
1233,424,87,4,254.38,1017.52
1234,424,67,4,445.32,1781.28
1235,424,34,1,271.24,271.24
1236,424,58,3,50.53,151.59
1237,425,77,1,362.44,362.44
1238,425,83,4,39.67,158.68
1239,425,89,1,105.47,105.47
1240,426,93,5,411.85,2059.25
1241,426,60,3,64.01,192.03
1242,426,78,3,410.5,1231.5
1243,426,61,5,329.26,1646.3
1244,427,59,2,241.49,482.98
1245,427,47,5,496.71,2483.55
1246,427,53,1,87.91,87.91
1247,427,19,2,134.01,268.02
1248,427,18,2,147.15,294.3
1249,428,73,3,261.57,784.71
1250,428,70,1,242.96,242.96
1251,428,87,5,254.38,1271.9
1252,428,63,2,422.93,845.86
1253,429,55,4,87.61,350.44
1254,429,47,1,496.71,496.71
1255,429,51,4,182.75,731
1256,429,22,2,145.44,290.88
1257,429,72,3,288.9,866.7
1258,430,5,4,489.52,1958.08
1259,430,44,3,316.6,949.8
1260,430,63,3,422.93,1268.79
1261,430,84,2,13.99,27.98
1262,431,19,2,134.01,268.02
1263,431,50,3,255.43,766.29
1264,432,58,5,50.53,252.65
1265,432,5,1,489.52,489.52
1266,432,82,2,280.87,561.74
1267,433,70,2,242.96,485.92
1268,433,55,4,87.61,350.44
1269,434,15,2,244.14,488.28
1270,434,98,1,123.71,123.71
1271,434,52,3,372.69,1118.07
1272,434,51,5,182.75,913.75
1273,434,35,4,192,768
1274,435,94,2,213.47,426.94
1275,436,53,1,87.91,87.91
1276,436,59,3,241.49,724.47
1277,436,61,3,329.26,987.78
1278,436,21,4,465.16,1860.64
1279,436,24,5,61.23,306.15
1280,437,70,2,242.96,485.92
1281,437,97,4,374.86,1499.44
1282,438,77,4,362.44,1449.76
1283,439,97,1,374.86,374.86
1284,439,18,1,147.15,147.15
1285,439,22,1,145.44,145.44
1286,439,65,2,36.8,73.6
1287,440,99,5,282.92,1414.6
1288,441,27,1,84.83,84.83
1289,441,4,1,339.06,339.06
1290,441,42,4,140.15,560.6
1291,441,69,1,224.73,224.73
1292,442,24,4,61.23,244.92
1293,442,38,3,393.36,1180.08
1294,442,48,3,283.6,850.8
1295,442,81,5,15.29,76.45
1296,443,51,2,182.75,365.5
1297,443,79,3,149.87,449.61
1298,443,37,5,441.15,2205.75
1299,444,22,2,145.44,290.88
1300,444,20,4,325.41,1301.64
1301,444,21,1,465.16,465.16
1302,444,70,5,242.96,1214.8
1303,444,90,5,277.64,1388.2
1304,445,50,5,255.43,1277.15
1305,445,8,2,130.57,261.14
1306,445,56,1,241.65,241.65
1307,445,44,1,316.6,316.6
1308,445,74,1,420.55,420.55
1309,446,34,1,271.24,271.24
1310,446,96,5,99.09,495.45
1311,447,6,1,417.63,417.63
1312,447,88,2,311.47,622.94
1313,448,19,1,134.01,134.01
1314,448,92,3,212.51,637.53
1315,448,33,1,72.83,72.83
1316,448,52,4,372.69,1490.76
1317,448,26,4,229.28,917.12
1318,449,23,1,465.17,465.17
1319,449,83,4,39.67,158.68
1320,449,75,1,356.67,356.67
1321,449,100,2,18.9,37.8
1322,450,44,2,316.6,633.2
1323,451,81,3,15.29,45.87
1324,451,39,3,50.23,150.69
1325,451,21,5,465.16,2325.8
1326,452,25,5,164.44,822.2
1327,452,38,4,393.36,1573.44
1328,452,98,1,123.71,123.71
1329,452,60,4,64.01,256.04
1330,453,43,5,419.36,2096.8
1331,453,84,3,13.99,41.97
1332,454,92,2,212.51,425.02
1333,454,75,2,356.67,713.34
1334,454,32,3,69.17,207.51
1335,454,7,1,462.95,462.95
1336,454,47,3,496.71,1490.13
1337,455,98,1,123.71,123.71
1338,455,52,1,372.69,372.69
1339,455,7,4,462.95,1851.8
1340,456,32,2,69.17,138.34
1341,456,14,4,339.67,1358.68
1342,456,91,5,198.91,994.55
1343,456,73,2,261.57,523.14
1344,456,2,2,15.9,31.8
1345,457,74,4,420.55,1682.2
1346,457,20,1,325.41,325.41
1347,457,94,4,213.47,853.88
1348,458,18,4,147.15,588.6
1349,458,39,3,50.23,150.69
1350,458,50,3,255.43,766.29
1351,458,7,3,462.95,1388.85
1352,458,84,2,13.99,27.98
1353,459,41,3,359.81,1079.43
1354,460,92,1,212.51,212.51
1355,461,40,1,374.47,374.47
1356,461,37,2,441.15,882.3
1357,461,39,5,50.23,251.15
1358,461,24,2,61.23,122.46
1359,462,71,3,395.36,1186.08
1360,463,54,1,430.94,430.94
1361,463,22,4,145.44,581.76
1362,463,17,4,44.56,178.24
1363,463,27,1,84.83,84.83
1364,463,74,2,420.55,841.1
1365,464,66,2,448.18,896.36
1366,464,5,1,489.52,489.52
1367,465,33,1,72.83,72.83
1368,466,92,4,212.51,850.04
1369,466,41,5,359.81,1799.05
1370,467,77,4,362.44,1449.76
1371,468,38,4,393.36,1573.44
1372,468,53,2,87.91,175.82
1373,468,85,2,28.48,56.96
1374,468,93,3,411.85,1235.55
1375,468,26,1,229.28,229.28
1376,469,60,5,64.01,320.05
1377,469,65,5,36.8,184
1378,469,78,1,410.5,410.5
1379,469,79,3,149.87,449.61
1380,470,69,5,224.73,1123.65
1381,470,98,3,123.71,371.13
1382,470,62,1,323.41,323.41
1383,470,47,2,496.71,993.42
1384,470,48,1,283.6,283.6
1385,471,10,1,204.47,204.47
1386,471,84,4,13.99,55.96
1387,471,78,3,410.5,1231.5
1388,471,90,5,277.64,1388.2
1389,471,22,2,145.44,290.88
1390,472,38,3,393.36,1180.08
1391,472,81,3,15.29,45.87
1392,472,1,5,296.16,1480.8
1393,473,80,1,415.5,415.5
1394,474,40,4,374.47,1497.88
1395,475,24,2,61.23,122.46
1396,475,42,2,140.15,280.3
1397,475,67,2,445.32,890.64
1398,475,95,5,359.54,1797.7
1399,476,1,4,296.16,1184.64
1400,476,88,3,311.47,934.41
1401,476,79,5,149.87,749.35
1402,476,13,2,489.86,979.72
1403,476,14,2,339.67,679.34
1404,477,83,1,39.67,39.67
1405,477,85,2,28.48,56.96
1406,477,28,2,435.07,870.14
1407,478,6,3,417.63,1252.89
1408,479,22,1,145.44,145.44
1409,479,14,1,339.67,339.67
1410,479,41,5,359.81,1799.05
1411,479,10,1,204.47,204.47
1412,479,57,1,265.23,265.23
1413,480,86,3,406.01,1218.03
1414,481,67,5,445.32,2226.6
1415,481,85,3,28.48,85.44
1416,481,33,5,72.83,364.15
1417,482,26,3,229.28,687.84
1418,482,80,4,415.5,1662
1419,482,81,3,15.29,45.87
1420,483,14,3,339.67,1019.01
1421,483,48,4,283.6,1134.4
1422,483,43,3,419.36,1258.08
1423,483,79,1,149.87,149.87
1424,483,12,4,249.4,997.6
1425,484,34,4,271.24,1084.96
1426,484,62,5,323.41,1617.05
1427,484,93,3,411.85,1235.55
1428,485,76,1,407.99,407.99
1429,486,45,2,430.36,860.72
1430,486,91,5,198.91,994.55
1431,486,32,4,69.17,276.68
1432,486,44,5,316.6,1583
1433,487,78,2,410.5,821
1434,487,68,4,358.28,1433.12
1435,487,55,4,87.61,350.44
1436,488,67,1,445.32,445.32
1437,488,57,3,265.23,795.69
1438,488,18,4,147.15,588.6
1439,489,44,1,316.6,316.6
1440,489,38,3,393.36,1180.08
1441,490,9,4,294.35,1177.4
1442,490,74,4,420.55,1682.2
1443,490,58,3,50.53,151.59
1444,490,11,3,187,561
1445,491,85,1,28.48,28.48
1446,491,4,3,339.06,1017.18
1447,491,23,4,465.17,1860.68
1448,491,14,2,339.67,679.34
1449,491,76,4,407.99,1631.96
1450,492,17,4,44.56,178.24
1451,492,75,3,356.67,1070.01
1452,492,78,1,410.5,410.5
1453,492,2,1,15.9,15.9
1454,492,39,3,50.23,150.69
1455,493,29,5,499.95,2499.75
1456,493,14,4,339.67,1358.68
1457,494,95,5,359.54,1797.7
1458,494,57,4,265.23,1060.92
1459,494,7,2,462.95,925.9
1460,495,92,5,212.51,1062.55
1461,495,99,4,282.92,1131.68
1462,496,84,1,13.99,13.99
1463,496,55,4,87.61,350.44
1464,496,21,4,465.16,1860.64
1465,496,35,4,192,768
1466,497,34,4,271.24,1084.96
1467,497,51,3,182.75,548.25
1468,498,43,5,419.36,2096.8
1469,498,81,1,15.29,15.29
1470,498,65,3,36.8,110.4
1471,498,88,4,311.47,1245.88
1472,499,45,2,430.36,860.72
1473,499,63,5,422.93,2114.65
1474,500,77,2,362.44,724.88
1475,500,59,1,241.49,241.49
1476,501,80,3,415.5,1246.5
1477,501,51,4,182.75,731
1478,501,55,1,87.61,87.61
1479,501,63,2,422.93,845.86
1480,502,13,2,489.86,979.72
1481,502,26,4,229.28,917.12
1482,502,1,4,296.16,1184.64
1483,502,78,4,410.5,1642
1484,502,50,2,255.43,510.86
1485,503,57,5,265.23,1326.15
1486,504,92,5,212.51,1062.55
1487,504,8,3,130.57,391.71
1488,505,98,4,123.71,494.84
1489,505,90,1,277.64,277.64
1490,505,79,3,149.87,449.61
1491,505,31,3,181.28,543.84
1492,506,26,1,229.28,229.28
1493,506,60,2,64.01,128.02
1494,506,79,5,149.87,749.35
1495,506,78,1,410.5,410.5
1496,506,75,2,356.67,713.34
1497,507,61,4,329.26,1317.04
1498,507,23,2,465.17,930.34
1499,507,2,3,15.9,47.7
1500,507,39,2,50.23,100.46
1501,508,8,5,130.57,652.85
1502,508,53,1,87.91,87.91
1503,509,6,4,417.63,1670.52
1504,509,86,4,406.01,1624.04
1505,509,88,1,311.47,311.47
1506,510,45,5,430.36,2151.8
1507,510,35,1,192,192
1508,510,66,1,448.18,448.18
1509,510,32,4,69.17,276.68
1510,511,56,1,241.65,241.65
1511,511,27,5,84.83,424.15
1512,511,25,3,164.44,493.32
1513,511,12,5,249.4,1247
1514,512,70,1,242.96,242.96
1515,512,90,3,277.64,832.92
1516,512,98,1,123.71,123.71
1517,513,75,2,356.67,713.34
1518,513,7,3,462.95,1388.85
1519,514,49,5,442.76,2213.8
1520,515,13,2,489.86,979.72
1521,516,61,3,329.26,987.78
1522,516,46,3,437.1,1311.3
1523,516,65,4,36.8,147.2
1524,517,27,5,84.83,424.15
1525,518,16,3,63.89,191.67
1526,518,43,1,419.36,419.36
1527,519,10,3,204.47,613.41
1528,519,90,5,277.64,1388.2
1529,519,12,1,249.4,249.4
1530,519,45,2,430.36,860.72
1531,519,61,4,329.26,1317.04
1532,520,40,2,374.47,748.94
1533,520,34,2,271.24,542.48
1534,520,3,5,156.65,783.25
1535,521,95,2,359.54,719.08
1536,521,54,2,430.94,861.88
1537,522,97,2,374.86,749.72
1538,523,24,1,61.23,61.23
1539,523,30,3,163.34,490.02
1540,523,79,2,149.87,299.74
1541,523,45,2,430.36,860.72
1542,523,13,5,489.86,2449.3
1543,524,63,1,422.93,422.93
1544,524,28,1,435.07,435.07
1545,525,66,2,448.18,896.36
1546,526,20,2,325.41,650.82
1547,526,83,2,39.67,79.34
1548,526,75,4,356.67,1426.68
1549,527,56,5,241.65,1208.25
1550,527,57,2,265.23,530.46
1551,527,82,2,280.87,561.74
1552,527,45,5,430.36,2151.8
1553,528,5,2,489.52,979.04
1554,528,76,4,407.99,1631.96
1555,529,33,1,72.83,72.83
1556,529,71,2,395.36,790.72
1557,529,63,5,422.93,2114.65
1558,530,18,5,147.15,735.75
1559,531,72,3,288.9,866.7
1560,531,36,1,469.13,469.13
1561,532,74,2,420.55,841.1
1562,532,52,5,372.69,1863.45
1563,532,23,1,465.17,465.17
1564,533,83,4,39.67,158.68
1565,533,69,5,224.73,1123.65
1566,533,98,1,123.71,123.71
1567,534,56,3,241.65,724.95
1568,534,59,3,241.49,724.47
1569,534,99,4,282.92,1131.68
1570,535,14,2,339.67,679.34
1571,535,94,3,213.47,640.41
1572,535,96,5,99.09,495.45
1573,535,59,2,241.49,482.98
1574,535,66,4,448.18,1792.72
1575,536,18,3,147.15,441.45
1576,536,74,5,420.55,2102.75
1577,536,96,2,99.09,198.18
1578,537,41,3,359.81,1079.43
1579,537,71,3,395.36,1186.08
1580,537,88,2,311.47,622.94
1581,538,68,5,358.28,1791.4
1582,538,65,5,36.8,184
1583,538,80,3,415.5,1246.5
1584,538,47,4,496.71,1986.84
1585,538,43,5,419.36,2096.8
1586,539,38,4,393.36,1573.44
1587,539,50,3,255.43,766.29
1588,539,78,2,410.5,821
1589,539,85,5,28.48,142.4
1590,539,23,3,465.17,1395.51
1591,540,51,1,182.75,182.75
1592,540,71,5,395.36,1976.8
1593,540,30,3,163.34,490.02
1594,540,45,1,430.36,430.36
1595,540,86,2,406.01,812.02
1596,541,74,3,420.55,1261.65
1597,542,58,5,50.53,252.65
1598,542,98,1,123.71,123.71
1599,542,1,3,296.16,888.48
1600,542,90,1,277.64,277.64
1601,543,39,2,50.23,100.46
1602,543,98,4,123.71,494.84
1603,544,89,4,105.47,421.88
1604,544,93,1,411.85,411.85
1605,544,4,2,339.06,678.12
1606,545,85,1,28.48,28.48
1607,545,38,4,393.36,1573.44
1608,546,98,5,123.71,618.55
1609,547,35,2,192,384
1610,547,57,1,265.23,265.23
1611,547,51,1,182.75,182.75
1612,547,8,4,130.57,522.28
1613,547,4,1,339.06,339.06
1614,548,64,2,392.81,785.62
1615,548,40,3,374.47,1123.41
1616,548,13,2,489.86,979.72
1617,548,75,1,356.67,356.67
1618,548,69,2,224.73,449.46
1619,549,20,5,325.41,1627.05
1620,549,81,5,15.29,76.45
1621,549,45,3,430.36,1291.08
1622,549,26,3,229.28,687.84
1623,549,84,5,13.99,69.95
1624,550,73,2,261.57,523.14
1625,550,19,1,134.01,134.01
1626,550,92,3,212.51,637.53
1627,551,19,3,134.01,402.03
1628,551,67,1,445.32,445.32
1629,552,99,2,282.92,565.84
1630,552,17,5,44.56,222.8
1631,552,61,4,329.26,1317.04
1632,552,99,5,282.92,1414.6
1633,552,52,5,372.69,1863.45
1634,553,23,4,465.17,1860.68
1635,553,3,2,156.65,313.3
1636,553,49,4,442.76,1771.04
1637,553,50,3,255.43,766.29
1638,554,51,5,182.75,913.75
1639,554,82,1,280.87,280.87
1640,554,88,3,311.47,934.41
1641,554,71,1,395.36,395.36
1642,554,28,2,435.07,870.14
1643,555,11,2,187,374
1644,556,28,3,435.07,1305.21
1645,556,97,1,374.86,374.86
1646,556,22,1,145.44,145.44
1647,556,67,5,445.32,2226.6
1648,556,12,1,249.4,249.4
1649,557,12,2,249.4,498.8
1650,558,8,4,130.57,522.28
1651,558,69,5,224.73,1123.65
1652,559,67,4,445.32,1781.28
1653,559,21,3,465.16,1395.48
1654,559,42,5,140.15,700.75
1655,559,32,1,69.17,69.17
1656,559,84,2,13.99,27.98
1657,560,71,3,395.36,1186.08
1658,560,54,1,430.94,430.94
1659,560,68,5,358.28,1791.4
1660,560,63,3,422.93,1268.79
1661,561,75,5,356.67,1783.35
1662,561,15,4,244.14,976.56
1663,561,73,3,261.57,784.71
1664,561,100,4,18.9,75.6
1665,561,50,4,255.43,1021.72
1666,562,89,1,105.47,105.47
1667,562,74,2,420.55,841.1
1668,562,77,4,362.44,1449.76
1669,562,71,5,395.36,1976.8
1670,562,51,2,182.75,365.5
1671,563,43,5,419.36,2096.8
1672,563,40,4,374.47,1497.88
1673,563,26,3,229.28,687.84
1674,563,12,5,249.4,1247
1675,564,50,2,255.43,510.86
1676,564,91,1,198.91,198.91
1677,565,94,5,213.47,1067.35
1678,565,95,1,359.54,359.54
1679,566,92,1,212.51,212.51
1680,566,56,2,241.65,483.3
1681,566,31,5,181.28,906.4
1682,566,97,2,374.86,749.72
1683,566,71,3,395.36,1186.08
1684,567,34,5,271.24,1356.2
1685,567,7,4,462.95,1851.8
1686,567,23,1,465.17,465.17
1687,567,18,1,147.15,147.15
1688,567,61,2,329.26,658.52
1689,568,100,5,18.9,94.5
1690,568,44,4,316.6,1266.4
1691,568,53,2,87.91,175.82
1692,568,44,2,316.6,633.2
1693,568,4,2,339.06,678.12
1694,569,35,2,192,384
1695,569,59,1,241.49,241.49
1696,569,85,4,28.48,113.92
1697,569,49,4,442.76,1771.04
1698,570,4,2,339.06,678.12
1699,571,33,5,72.83,364.15
1700,571,56,3,241.65,724.95
1701,571,51,5,182.75,913.75
1702,571,18,4,147.15,588.6
1703,572,32,3,69.17,207.51
1704,573,73,4,261.57,1046.28
1705,573,29,3,499.95,1499.85
1706,573,20,2,325.41,650.82
1707,573,53,4,87.91,351.64
1708,573,23,3,465.17,1395.51
1709,574,4,5,339.06,1695.3
1710,574,23,1,465.17,465.17
1711,575,70,2,242.96,485.92
1712,575,75,3,356.67,1070.01
1713,575,1,2,296.16,592.32
1714,575,32,1,69.17,69.17
1715,576,30,4,163.34,653.36
1716,577,59,4,241.49,965.96
1717,577,83,2,39.67,79.34
1718,577,90,5,277.64,1388.2
1719,578,92,1,212.51,212.51
1720,578,61,1,329.26,329.26
1721,578,69,5,224.73,1123.65
1722,578,14,2,339.67,679.34
1723,578,30,1,163.34,163.34
1724,579,98,2,123.71,247.42
1725,579,85,1,28.48,28.48
1726,580,76,3,407.99,1223.97
1727,580,88,3,311.47,934.41
1728,580,51,3,182.75,548.25
1729,580,15,1,244.14,244.14
1730,581,59,2,241.49,482.98
1731,581,44,1,316.6,316.6
1732,582,99,3,282.92,848.76
1733,582,67,1,445.32,445.32
1734,582,50,1,255.43,255.43
1735,582,8,1,130.57,130.57
1736,582,66,1,448.18,448.18
1737,583,66,2,448.18,896.36
1738,583,91,2,198.91,397.82
1739,583,34,3,271.24,813.72
1740,583,82,5,280.87,1404.35
1741,583,19,5,134.01,670.05
1742,584,74,4,420.55,1682.2
1743,584,71,3,395.36,1186.08
1744,584,27,1,84.83,84.83
1745,584,82,3,280.87,842.61
1746,584,31,5,181.28,906.4
1747,585,9,3,294.35,883.05
1748,585,39,4,50.23,200.92
1749,585,37,2,441.15,882.3
1750,585,22,2,145.44,290.88
1751,586,94,5,213.47,1067.35
1752,586,6,1,417.63,417.63
1753,586,61,3,329.26,987.78
1754,586,100,4,18.9,75.6
1755,586,2,2,15.9,31.8
1756,587,36,2,469.13,938.26
1757,587,29,5,499.95,2499.75
1758,587,5,5,489.52,2447.6
1759,587,13,4,489.86,1959.44
1760,587,29,5,499.95,2499.75
1761,588,54,2,430.94,861.88
1762,588,26,1,229.28,229.28
1763,588,2,5,15.9,79.5
1764,588,11,3,187,561
1765,589,45,1,430.36,430.36
1766,589,86,2,406.01,812.02
1767,590,19,1,134.01,134.01
1768,590,65,5,36.8,184
1769,590,31,1,181.28,181.28
1770,590,82,5,280.87,1404.35
1771,590,57,2,265.23,530.46
1772,591,32,3,69.17,207.51
1773,591,72,5,288.9,1444.5
1774,591,47,4,496.71,1986.84
1775,591,60,5,64.01,320.05
1776,592,65,5,36.8,184
1777,592,17,1,44.56,44.56
1778,592,31,5,181.28,906.4
1779,593,27,4,84.83,339.32
1780,593,59,3,241.49,724.47
1781,593,27,5,84.83,424.15
1782,593,15,4,244.14,976.56
1783,593,93,1,411.85,411.85
1784,594,94,4,213.47,853.88
1785,594,86,5,406.01,2030.05
1786,594,54,3,430.94,1292.82
1787,594,72,4,288.9,1155.6
1788,594,75,3,356.67,1070.01
1789,595,21,5,465.16,2325.8
1790,596,74,3,420.55,1261.65
1791,596,14,5,339.67,1698.35
1792,597,8,5,130.57,652.85
1793,597,2,1,15.9,15.9
1794,598,15,3,244.14,732.42
1795,598,31,4,181.28,725.12
1796,598,59,4,241.49,965.96
1797,598,6,3,417.63,1252.89
1798,599,43,4,419.36,1677.44
1799,599,66,5,448.18,2240.9
1800,600,61,4,329.26,1317.04
1801,600,75,3,356.67,1070.01
1802,600,62,5,323.41,1617.05
1803,600,16,3,63.89,191.67
1804,601,14,2,339.67,679.34
1805,602,63,5,422.93,2114.65
1806,603,36,2,469.13,938.26
1807,603,61,3,329.26,987.78
1808,603,19,4,134.01,536.04
1809,604,38,3,393.36,1180.08
1810,604,28,5,435.07,2175.35
1811,604,10,2,204.47,408.94
1812,605,77,3,362.44,1087.32
1813,605,77,1,362.44,362.44
1814,606,85,1,28.48,28.48
1815,606,92,5,212.51,1062.55
1816,607,56,5,241.65,1208.25
1817,608,94,4,213.47,853.88
1818,608,89,4,105.47,421.88
1819,609,83,5,39.67,198.35
1820,609,92,4,212.51,850.04
1821,610,57,5,265.23,1326.15
1822,610,53,1,87.91,87.91
1823,610,85,5,28.48,142.4
1824,610,6,5,417.63,2088.15
1825,610,14,2,339.67,679.34
1826,611,68,2,358.28,716.56
1827,612,89,4,105.47,421.88
1828,612,41,3,359.81,1079.43
1829,612,81,3,15.29,45.87
1830,612,17,5,44.56,222.8
1831,613,6,5,417.63,2088.15
1832,613,38,4,393.36,1573.44
1833,613,45,2,430.36,860.72
1834,614,79,5,149.87,749.35
1835,614,44,4,316.6,1266.4
1836,614,3,5,156.65,783.25
1837,614,16,2,63.89,127.78
1838,614,31,2,181.28,362.56
1839,615,80,1,415.5,415.5
1840,615,97,4,374.86,1499.44
1841,615,100,4,18.9,75.6
1842,616,96,3,99.09,297.27
1843,617,7,3,462.95,1388.85
1844,617,21,5,465.16,2325.8
1845,618,19,4,134.01,536.04
1846,618,90,1,277.64,277.64
1847,619,14,5,339.67,1698.35
1848,619,65,4,36.8,147.2
1849,619,25,3,164.44,493.32
1850,620,39,2,50.23,100.46
1851,620,53,5,87.91,439.55
1852,620,29,5,499.95,2499.75
1853,621,53,1,87.91,87.91
1854,622,10,5,204.47,1022.35
1855,622,65,2,36.8,73.6
1856,623,87,1,254.38,254.38
1857,624,14,1,339.67,339.67
1858,625,65,1,36.8,36.8
1859,625,51,5,182.75,913.75
1860,625,80,4,415.5,1662
1861,625,19,1,134.01,134.01
1862,626,31,5,181.28,906.4
1863,626,63,1,422.93,422.93
1864,627,68,1,358.28,358.28
1865,627,75,3,356.67,1070.01
1866,628,6,2,417.63,835.26
1867,628,36,4,469.13,1876.52
1868,629,7,3,462.95,1388.85
1869,629,39,5,50.23,251.15
1870,630,61,5,329.26,1646.3
1871,630,63,3,422.93,1268.79
1872,630,50,4,255.43,1021.72
1873,631,60,2,64.01,128.02
1874,631,63,4,422.93,1691.72
1875,631,7,4,462.95,1851.8
1876,631,72,1,288.9,288.9
1877,632,67,5,445.32,2226.6
1878,632,100,4,18.9,75.6
1879,632,92,2,212.51,425.02
1880,632,77,1,362.44,362.44
1881,633,32,1,69.17,69.17
1882,633,83,3,39.67,119.01
1883,634,85,4,28.48,113.92
1884,634,11,3,187,561
1885,634,8,4,130.57,522.28
1886,634,18,1,147.15,147.15
1887,634,41,2,359.81,719.62
1888,635,30,3,163.34,490.02
1889,636,42,1,140.15,140.15
1890,636,35,5,192,960
1891,636,7,2,462.95,925.9
1892,636,67,1,445.32,445.32
1893,637,13,2,489.86,979.72
1894,638,49,5,442.76,2213.8
1895,638,90,4,277.64,1110.56
1896,638,71,1,395.36,395.36
1897,639,38,2,393.36,786.72
1898,639,91,5,198.91,994.55
1899,639,26,1,229.28,229.28
1900,639,20,1,325.41,325.41
1901,640,7,4,462.95,1851.8
1902,640,17,3,44.56,133.68
1903,640,29,1,499.95,499.95
1904,641,77,1,362.44,362.44
1905,641,89,1,105.47,105.47
1906,641,34,4,271.24,1084.96
1907,642,21,3,465.16,1395.48
1908,642,91,3,198.91,596.73
1909,643,41,2,359.81,719.62
1910,644,4,3,339.06,1017.18
1911,644,19,5,134.01,670.05
1912,645,4,5,339.06,1695.3
1913,645,1,4,296.16,1184.64
1914,645,5,3,489.52,1468.56
1915,645,81,5,15.29,76.45
1916,646,56,2,241.65,483.3
1917,646,83,3,39.67,119.01
1918,647,23,1,465.17,465.17
1919,647,99,3,282.92,848.76
1920,647,98,4,123.71,494.84
1921,647,16,3,63.89,191.67
1922,648,1,3,296.16,888.48
1923,648,80,4,415.5,1662
1924,649,16,2,63.89,127.78
1925,649,72,5,288.9,1444.5
1926,649,18,1,147.15,147.15
1927,650,16,5,63.89,319.45
1928,650,63,4,422.93,1691.72
1929,650,2,3,15.9,47.7
1930,651,15,1,244.14,244.14
1931,651,2,2,15.9,31.8
1932,651,25,1,164.44,164.44
1933,651,92,4,212.51,850.04
1934,652,48,4,283.6,1134.4
1935,652,93,5,411.85,2059.25
1936,653,23,2,465.17,930.34
1937,653,16,2,63.89,127.78
1938,653,77,2,362.44,724.88
1939,653,53,3,87.91,263.73
1940,653,89,1,105.47,105.47
1941,654,58,3,50.53,151.59
1942,655,71,3,395.36,1186.08
1943,655,41,4,359.81,1439.24
1944,656,69,3,224.73,674.19
1945,656,66,3,448.18,1344.54
1946,656,94,3,213.47,640.41
1947,656,91,5,198.91,994.55
1948,657,60,1,64.01,64.01
1949,657,56,1,241.65,241.65
1950,657,58,5,50.53,252.65
1951,658,28,5,435.07,2175.35
1952,658,13,3,489.86,1469.58
1953,658,63,2,422.93,845.86
1954,658,66,1,448.18,448.18
1955,659,42,3,140.15,420.45
1956,659,80,4,415.5,1662
1957,659,3,1,156.65,156.65
1958,660,81,2,15.29,30.58
1959,660,25,5,164.44,822.2
1960,660,79,5,149.87,749.35
1961,661,48,2,283.6,567.2
1962,661,80,5,415.5,2077.5
1963,661,78,4,410.5,1642
1964,661,31,4,181.28,725.12
1965,662,35,4,192,768
1966,662,26,2,229.28,458.56
1967,663,76,3,407.99,1223.97
1968,664,97,3,374.86,1124.58
1969,664,49,1,442.76,442.76
1970,664,57,4,265.23,1060.92
1971,665,23,1,465.17,465.17
1972,666,87,3,254.38,763.14
1973,666,12,2,249.4,498.8
1974,666,2,2,15.9,31.8
1975,666,84,4,13.99,55.96
1976,666,37,5,441.15,2205.75
1977,667,57,2,265.23,530.46
1978,667,26,5,229.28,1146.4
1979,667,70,4,242.96,971.84
1980,667,46,3,437.1,1311.3
1981,668,12,3,249.4,748.2
1982,668,91,2,198.91,397.82
1983,669,68,2,358.28,716.56
1984,669,97,2,374.86,749.72
1985,670,59,1,241.49,241.49
1986,670,55,4,87.61,350.44
1987,670,60,4,64.01,256.04
1988,670,5,2,489.52,979.04
1989,670,16,3,63.89,191.67
1990,671,55,4,87.61,350.44
1991,671,36,2,469.13,938.26
1992,671,1,2,296.16,592.32
1993,671,69,1,224.73,224.73
1994,671,45,4,430.36,1721.44
1995,672,22,2,145.44,290.88
1996,672,70,4,242.96,971.84
1997,672,46,3,437.1,1311.3
1998,672,14,5,339.67,1698.35
1999,673,2,2,15.9,31.8
2000,673,30,5,163.34,816.7
2001,673,87,3,254.38,763.14
2002,673,16,1,63.89,63.89
2003,674,33,2,72.83,145.66
2004,675,88,4,311.47,1245.88
2005,675,18,5,147.15,735.75
2006,675,75,5,356.67,1783.35
2007,676,27,3,84.83,254.49
2008,676,78,2,410.5,821
2009,677,89,1,105.47,105.47
2010,677,61,1,329.26,329.26
2011,678,51,2,182.75,365.5
2012,678,45,4,430.36,1721.44
2013,679,86,1,406.01,406.01
2014,680,5,2,489.52,979.04
2015,680,92,2,212.51,425.02
2016,680,90,5,277.64,1388.2
2017,681,41,5,359.81,1799.05
2018,681,9,1,294.35,294.35
2019,682,86,1,406.01,406.01
2020,682,70,1,242.96,242.96
2021,682,63,3,422.93,1268.79
2022,682,65,2,36.8,73.6
2023,682,8,2,130.57,261.14
2024,683,62,4,323.41,1293.64
2025,683,71,3,395.36,1186.08
2026,683,77,4,362.44,1449.76
2027,683,75,5,356.67,1783.35
2028,683,18,3,147.15,441.45
2029,684,22,3,145.44,436.32
2030,684,71,2,395.36,790.72
2031,684,41,3,359.81,1079.43
2032,685,8,5,130.57,652.85
2033,685,49,5,442.76,2213.8
2034,685,25,3,164.44,493.32
2035,685,8,3,130.57,391.71
2036,686,52,2,372.69,745.38
2037,687,66,1,448.18,448.18
2038,688,29,2,499.95,999.9
2039,688,46,3,437.1,1311.3
2040,688,85,2,28.48,56.96
2041,689,95,1,359.54,359.54
2042,689,96,4,99.09,396.36
2043,689,3,5,156.65,783.25
2044,689,89,1,105.47,105.47
2045,689,38,2,393.36,786.72
2046,690,18,1,147.15,147.15
2047,691,97,2,374.86,749.72
2048,691,39,5,50.23,251.15
2049,691,53,2,87.91,175.82
2050,692,89,1,105.47,105.47
2051,692,37,2,441.15,882.3
2052,692,28,4,435.07,1740.28
2053,692,7,4,462.95,1851.8
2054,692,86,4,406.01,1624.04
2055,693,31,5,181.28,906.4
2056,693,39,5,50.23,251.15
2057,693,3,4,156.65,626.6
2058,694,47,4,496.71,1986.84
2059,695,53,1,87.91,87.91
2060,695,20,4,325.41,1301.64
2061,695,96,3,99.09,297.27
2062,696,65,3,36.8,110.4
2063,696,66,5,448.18,2240.9
2064,696,54,1,430.94,430.94
2065,696,2,1,15.9,15.9
2066,697,4,2,339.06,678.12
2067,697,33,3,72.83,218.49
2068,698,16,5,63.89,319.45
2069,698,16,4,63.89,255.56
2070,699,28,2,435.07,870.14
2071,699,34,1,271.24,271.24
2072,699,52,4,372.69,1490.76
2073,699,44,4,316.6,1266.4
2074,700,60,5,64.01,320.05
2075,700,9,3,294.35,883.05
2076,701,38,1,393.36,393.36
2077,702,52,5,372.69,1863.45
2078,702,7,4,462.95,1851.8
2079,702,27,4,84.83,339.32
2080,702,19,4,134.01,536.04
2081,702,3,4,156.65,626.6
2082,703,38,2,393.36,786.72
2083,703,100,2,18.9,37.8
2084,703,92,2,212.51,425.02
2085,704,14,3,339.67,1019.01
2086,704,44,4,316.6,1266.4
2087,704,60,1,64.01,64.01
2088,704,30,5,163.34,816.7
2089,705,28,3,435.07,1305.21
2090,705,72,1,288.9,288.9
2091,705,58,3,50.53,151.59
2092,706,29,1,499.95,499.95
2093,706,68,4,358.28,1433.12
2094,706,46,1,437.1,437.1
2095,706,82,2,280.87,561.74
2096,706,65,3,36.8,110.4
2097,707,81,4,15.29,61.16
2098,707,79,2,149.87,299.74
2099,707,74,4,420.55,1682.2
2100,707,91,5,198.91,994.55
2101,708,47,1,496.71,496.71
2102,708,92,3,212.51,637.53
2103,708,64,4,392.81,1571.24
2104,708,12,3,249.4,748.2
2105,708,67,5,445.32,2226.6
2106,709,4,5,339.06,1695.3
2107,709,66,4,448.18,1792.72
2108,710,56,3,241.65,724.95
2109,710,9,1,294.35,294.35
2110,710,57,3,265.23,795.69
2111,710,24,2,61.23,122.46
2112,710,63,3,422.93,1268.79
2113,711,86,2,406.01,812.02
2114,711,98,1,123.71,123.71
2115,711,17,2,44.56,89.12
2116,711,24,1,61.23,61.23
2117,711,22,5,145.44,727.2
2118,712,100,2,18.9,37.8
2119,713,52,3,372.69,1118.07
2120,713,99,2,282.92,565.84
2121,714,88,2,311.47,622.94
2122,715,1,4,296.16,1184.64
2123,715,99,2,282.92,565.84
2124,715,79,2,149.87,299.74
2125,715,70,4,242.96,971.84
2126,716,85,3,28.48,85.44
2127,716,70,4,242.96,971.84
2128,716,77,4,362.44,1449.76
2129,716,76,3,407.99,1223.97
2130,716,85,3,28.48,85.44
2131,717,79,4,149.87,599.48
2132,717,44,2,316.6,633.2
2133,717,63,4,422.93,1691.72
2134,717,75,5,356.67,1783.35
2135,718,2,1,15.9,15.9
2136,718,55,2,87.61,175.22
2137,718,92,2,212.51,425.02
2138,719,86,1,406.01,406.01
2139,719,49,5,442.76,2213.8
2140,719,39,2,50.23,100.46
2141,719,46,3,437.1,1311.3
2142,719,92,3,212.51,637.53
2143,720,34,2,271.24,542.48
2144,720,21,1,465.16,465.16
2145,720,79,1,149.87,149.87
2146,720,37,5,441.15,2205.75
2147,721,59,2,241.49,482.98
2148,721,98,1,123.71,123.71
2149,721,9,3,294.35,883.05
2150,721,93,2,411.85,823.7
2151,721,27,2,84.83,169.66
2152,722,46,4,437.1,1748.4
2153,722,93,5,411.85,2059.25
2154,722,23,1,465.17,465.17
2155,722,47,1,496.71,496.71
2156,722,85,1,28.48,28.48
2157,723,78,5,410.5,2052.5
2158,723,98,1,123.71,123.71
2159,723,96,1,99.09,99.09
2160,724,11,2,187,374
2161,724,28,2,435.07,870.14
2162,724,94,3,213.47,640.41
2163,724,71,5,395.36,1976.8
2164,725,86,1,406.01,406.01
2165,725,15,5,244.14,1220.7
2166,725,65,4,36.8,147.2
2167,725,20,3,325.41,976.23
2168,725,69,5,224.73,1123.65
2169,726,95,5,359.54,1797.7
2170,726,33,1,72.83,72.83
2171,727,44,5,316.6,1583
2172,727,89,1,105.47,105.47
2173,727,54,4,430.94,1723.76
2174,727,76,4,407.99,1631.96
2175,727,20,4,325.41,1301.64
2176,728,55,4,87.61,350.44
2177,728,100,5,18.9,94.5
2178,728,87,2,254.38,508.76
2179,728,34,1,271.24,271.24
2180,729,71,1,395.36,395.36
2181,729,26,4,229.28,917.12
2182,729,50,5,255.43,1277.15
2183,729,6,5,417.63,2088.15
2184,729,30,4,163.34,653.36
2185,730,10,5,204.47,1022.35
2186,731,64,1,392.81,392.81
2187,731,90,1,277.64,277.64
2188,731,45,2,430.36,860.72
2189,731,85,4,28.48,113.92
2190,732,63,5,422.93,2114.65
2191,732,16,4,63.89,255.56
2192,732,8,2,130.57,261.14
2193,732,40,2,374.47,748.94
2194,732,16,1,63.89,63.89
2195,733,100,5,18.9,94.5
2196,734,44,5,316.6,1583
2197,734,20,4,325.41,1301.64
2198,735,31,4,181.28,725.12
2199,736,74,2,420.55,841.1
2200,736,41,5,359.81,1799.05
2201,736,83,5,39.67,198.35
2202,737,24,1,61.23,61.23
2203,737,83,2,39.67,79.34
2204,737,98,4,123.71,494.84
2205,737,92,1,212.51,212.51
2206,737,45,3,430.36,1291.08
2207,738,63,5,422.93,2114.65
2208,738,27,3,84.83,254.49
2209,738,80,1,415.5,415.5
2210,738,35,2,192,384
2211,739,71,5,395.36,1976.8
2212,739,56,2,241.65,483.3
2213,739,92,5,212.51,1062.55
2214,739,5,2,489.52,979.04
2215,739,78,2,410.5,821
2216,740,47,1,496.71,496.71
2217,740,99,2,282.92,565.84
2218,740,17,4,44.56,178.24
2219,740,71,4,395.36,1581.44
2220,740,21,1,465.16,465.16
2221,741,5,1,489.52,489.52
2222,741,33,2,72.83,145.66
2223,741,24,2,61.23,122.46
2224,741,95,3,359.54,1078.62
2225,742,15,3,244.14,732.42
2226,742,82,2,280.87,561.74
2227,743,98,1,123.71,123.71
2228,743,36,5,469.13,2345.65
2229,743,16,2,63.89,127.78
2230,744,60,1,64.01,64.01
2231,744,76,4,407.99,1631.96
2232,744,42,5,140.15,700.75
2233,744,24,3,61.23,183.69
2234,745,84,2,13.99,27.98
2235,746,53,5,87.91,439.55
2236,747,88,1,311.47,311.47
2237,747,98,2,123.71,247.42
2238,747,45,3,430.36,1291.08
2239,748,57,1,265.23,265.23
2240,749,28,5,435.07,2175.35
2241,750,49,5,442.76,2213.8
2242,750,54,3,430.94,1292.82
2243,750,28,5,435.07,2175.35
2244,750,33,1,72.83,72.83
2245,750,86,3,406.01,1218.03
2246,751,75,4,356.67,1426.68
2247,751,4,5,339.06,1695.3
2248,751,7,4,462.95,1851.8
2249,752,61,2,329.26,658.52
2250,752,41,5,359.81,1799.05
2251,752,2,3,15.9,47.7
2252,752,97,1,374.86,374.86
2253,753,52,1,372.69,372.69
2254,753,70,4,242.96,971.84
2255,753,20,2,325.41,650.82
2256,754,24,5,61.23,306.15
2257,754,90,2,277.64,555.28
2258,754,10,3,204.47,613.41
2259,754,12,2,249.4,498.8
2260,755,77,4,362.44,1449.76
2261,755,6,5,417.63,2088.15
2262,755,52,1,372.69,372.69
2263,756,100,5,18.9,94.5
2264,756,98,5,123.71,618.55
2265,756,80,3,415.5,1246.5
2266,756,7,5,462.95,2314.75
2267,756,73,1,261.57,261.57
2268,757,28,3,435.07,1305.21
2269,757,37,5,441.15,2205.75
2270,757,81,2,15.29,30.58
2271,757,60,2,64.01,128.02
2272,758,1,1,296.16,296.16
2273,758,90,3,277.64,832.92
2274,758,17,2,44.56,89.12
2275,758,41,2,359.81,719.62
2276,759,24,5,61.23,306.15
2277,759,19,2,134.01,268.02
2278,760,36,2,469.13,938.26
2279,761,16,1,63.89,63.89
2280,761,98,1,123.71,123.71
2281,762,14,3,339.67,1019.01
2282,763,69,4,224.73,898.92
2283,763,35,3,192,576
2284,763,78,5,410.5,2052.5
2285,763,71,5,395.36,1976.8
2286,764,59,4,241.49,965.96
2287,764,1,1,296.16,296.16
2288,765,78,4,410.5,1642
2289,765,31,1,181.28,181.28
2290,765,91,2,198.91,397.82
2291,765,71,3,395.36,1186.08
2292,765,43,4,419.36,1677.44
2293,766,67,4,445.32,1781.28
2294,767,58,5,50.53,252.65
2295,767,100,4,18.9,75.6
2296,767,21,1,465.16,465.16
2297,768,10,1,204.47,204.47
2298,768,95,4,359.54,1438.16
2299,768,88,1,311.47,311.47
2300,769,59,5,241.49,1207.45
2301,770,13,4,489.86,1959.44
2302,770,41,5,359.81,1799.05
2303,771,93,2,411.85,823.7
2304,771,61,1,329.26,329.26
2305,772,25,5,164.44,822.2
2306,772,33,2,72.83,145.66
2307,773,66,3,448.18,1344.54
2308,773,88,4,311.47,1245.88
2309,774,70,3,242.96,728.88
2310,774,67,5,445.32,2226.6
2311,774,65,2,36.8,73.6
2312,774,44,1,316.6,316.6
2313,775,65,2,36.8,73.6
2314,776,63,4,422.93,1691.72
2315,776,16,2,63.89,127.78
2316,777,49,2,442.76,885.52
2317,777,9,4,294.35,1177.4
2318,777,27,1,84.83,84.83
2319,777,56,5,241.65,1208.25
2320,777,43,1,419.36,419.36
2321,778,1,2,296.16,592.32
2322,778,81,4,15.29,61.16
2323,779,85,1,28.48,28.48
2324,780,75,3,356.67,1070.01
2325,780,36,1,469.13,469.13
2326,780,23,4,465.17,1860.68
2327,780,7,2,462.95,925.9
2328,781,26,1,229.28,229.28
2329,782,85,3,28.48,85.44
2330,783,16,2,63.89,127.78
2331,783,81,1,15.29,15.29
2332,784,72,2,288.9,577.8
2333,784,35,3,192,576
2334,785,51,5,182.75,913.75
2335,785,54,4,430.94,1723.76
2336,786,22,1,145.44,145.44
2337,786,23,2,465.17,930.34
2338,786,65,3,36.8,110.4
2339,787,88,2,311.47,622.94
2340,787,77,2,362.44,724.88
2341,787,90,5,277.64,1388.2
2342,787,65,1,36.8,36.8
2343,787,88,5,311.47,1557.35
2344,788,39,4,50.23,200.92
2345,788,2,4,15.9,63.6
2346,788,60,2,64.01,128.02
2347,788,96,4,99.09,396.36
2348,789,57,4,265.23,1060.92
2349,789,37,4,441.15,1764.6
2350,790,20,2,325.41,650.82
2351,790,96,5,99.09,495.45
2352,790,77,5,362.44,1812.2
2353,791,96,4,99.09,396.36
2354,791,46,3,437.1,1311.3
2355,791,74,1,420.55,420.55
2356,791,3,5,156.65,783.25
2357,792,24,5,61.23,306.15
2358,792,4,3,339.06,1017.18
2359,792,30,4,163.34,653.36
2360,793,7,4,462.95,1851.8
2361,793,5,1,489.52,489.52
2362,793,91,5,198.91,994.55
2363,793,87,3,254.38,763.14
2364,793,100,4,18.9,75.6
2365,794,92,5,212.51,1062.55
2366,794,25,5,164.44,822.2
2367,795,98,5,123.71,618.55
2368,795,62,4,323.41,1293.64
2369,795,97,1,374.86,374.86
2370,795,5,3,489.52,1468.56
2371,796,90,3,277.64,832.92
2372,797,84,2,13.99,27.98
2373,797,8,5,130.57,652.85
2374,797,30,5,163.34,816.7
2375,797,90,1,277.64,277.64
2376,797,29,2,499.95,999.9
2377,798,71,3,395.36,1186.08
2378,798,49,4,442.76,1771.04
2379,798,56,3,241.65,724.95
2380,798,22,2,145.44,290.88
2381,799,57,2,265.23,530.46
2382,799,92,1,212.51,212.51
2383,800,65,5,36.8,184
2384,800,33,4,72.83,291.32
2385,800,98,5,123.71,618.55
2386,800,15,5,244.14,1220.7
2387,800,30,1,163.34,163.34
2388,801,89,4,105.47,421.88
2389,802,27,4,84.83,339.32
2390,802,46,1,437.1,437.1
2391,803,43,4,419.36,1677.44
2392,804,81,3,15.29,45.87
2393,804,61,3,329.26,987.78
2394,804,93,2,411.85,823.7
2395,804,13,1,489.86,489.86
2396,804,35,3,192,576
2397,805,85,4,28.48,113.92
2398,805,50,1,255.43,255.43
2399,805,16,1,63.89,63.89
2400,805,91,2,198.91,397.82
2401,806,60,4,64.01,256.04
2402,806,47,5,496.71,2483.55
2403,806,52,2,372.69,745.38
2404,807,32,2,69.17,138.34
2405,807,62,1,323.41,323.41
2406,807,65,4,36.8,147.2
2407,808,71,5,395.36,1976.8
2408,808,34,5,271.24,1356.2
2409,808,18,1,147.15,147.15
2410,808,59,1,241.49,241.49
2411,808,16,5,63.89,319.45
2412,809,44,2,316.6,633.2
2413,809,53,3,87.91,263.73
2414,809,84,5,13.99,69.95
2415,809,20,4,325.41,1301.64
2416,809,43,1,419.36,419.36
2417,810,21,2,465.16,930.32
2418,810,86,5,406.01,2030.05
2419,810,43,2,419.36,838.72
2420,811,94,5,213.47,1067.35
2421,811,21,1,465.16,465.16
2422,812,93,2,411.85,823.7
2423,812,28,1,435.07,435.07
2424,812,51,1,182.75,182.75
2425,812,70,4,242.96,971.84
2426,812,73,3,261.57,784.71
2427,813,36,3,469.13,1407.39
2428,813,50,4,255.43,1021.72
2429,813,73,1,261.57,261.57
2430,813,20,1,325.41,325.41
2431,814,70,3,242.96,728.88
2432,814,65,1,36.8,36.8
2433,814,77,3,362.44,1087.32
2434,815,26,2,229.28,458.56
2435,815,32,4,69.17,276.68
2436,816,74,2,420.55,841.1
2437,816,74,4,420.55,1682.2
2438,816,47,2,496.71,993.42
2439,817,51,2,182.75,365.5
2440,817,31,5,181.28,906.4
2441,817,25,5,164.44,822.2
2442,817,20,1,325.41,325.41
2443,817,40,4,374.47,1497.88
2444,818,20,3,325.41,976.23
2445,818,13,4,489.86,1959.44
2446,819,18,4,147.15,588.6
2447,819,3,3,156.65,469.95
2448,820,5,4,489.52,1958.08
2449,820,55,4,87.61,350.44
2450,820,36,1,469.13,469.13
2451,821,59,3,241.49,724.47
2452,821,55,2,87.61,175.22
2453,822,29,2,499.95,999.9
2454,822,53,2,87.91,175.82
2455,822,28,3,435.07,1305.21
2456,822,11,4,187,748
2457,822,16,4,63.89,255.56
2458,823,47,3,496.71,1490.13
2459,824,54,4,430.94,1723.76
2460,825,28,3,435.07,1305.21
2461,825,61,4,329.26,1317.04
2462,825,76,5,407.99,2039.95
2463,825,42,5,140.15,700.75
2464,826,27,5,84.83,424.15
2465,826,45,1,430.36,430.36
2466,826,32,2,69.17,138.34
2467,826,23,1,465.17,465.17
2468,826,83,3,39.67,119.01
2469,827,14,1,339.67,339.67
2470,827,68,3,358.28,1074.84
2471,827,35,2,192,384
2472,827,25,1,164.44,164.44
2473,828,55,2,87.61,175.22
2474,828,51,1,182.75,182.75
2475,828,70,3,242.96,728.88
2476,828,48,3,283.6,850.8
2477,828,37,5,441.15,2205.75
2478,829,90,5,277.64,1388.2
2479,830,36,3,469.13,1407.39
2480,830,54,3,430.94,1292.82
2481,830,87,5,254.38,1271.9
2482,830,77,3,362.44,1087.32
2483,830,81,4,15.29,61.16
2484,831,54,3,430.94,1292.82
2485,832,7,2,462.95,925.9
2486,832,43,5,419.36,2096.8
2487,832,7,3,462.95,1388.85
2488,833,62,5,323.41,1617.05
2489,833,70,4,242.96,971.84
2490,833,11,1,187,187
2491,833,25,1,164.44,164.44
2492,834,76,1,407.99,407.99
2493,834,55,2,87.61,175.22
2494,834,3,4,156.65,626.6
2495,834,73,2,261.57,523.14
2496,835,38,2,393.36,786.72
2497,835,4,3,339.06,1017.18
2498,835,89,1,105.47,105.47
2499,835,17,1,44.56,44.56
2500,835,34,4,271.24,1084.96
2501,836,12,5,249.4,1247
2502,836,33,5,72.83,364.15
2503,837,2,4,15.9,63.6
2504,837,12,1,249.4,249.4
2505,838,47,4,496.71,1986.84
2506,838,55,1,87.61,87.61
2507,838,21,5,465.16,2325.8
2508,838,26,5,229.28,1146.4
2509,839,43,3,419.36,1258.08
2510,839,90,1,277.64,277.64
2511,839,47,4,496.71,1986.84
2512,839,4,3,339.06,1017.18
2513,839,8,2,130.57,261.14
2514,840,64,4,392.81,1571.24
2515,840,31,3,181.28,543.84
2516,840,35,1,192,192
2517,840,86,3,406.01,1218.03
2518,841,95,4,359.54,1438.16
2519,841,3,1,156.65,156.65
2520,841,31,5,181.28,906.4
2521,841,30,1,163.34,163.34
2522,841,74,2,420.55,841.1
2523,842,88,5,311.47,1557.35
2524,842,20,5,325.41,1627.05
2525,843,50,4,255.43,1021.72
2526,843,60,3,64.01,192.03
2527,843,35,2,192,384
2528,843,10,2,204.47,408.94
2529,844,55,1,87.61,87.61
2530,845,55,2,87.61,175.22
2531,845,84,1,13.99,13.99
2532,845,8,3,130.57,391.71
2533,846,79,5,149.87,749.35
2534,846,7,3,462.95,1388.85
2535,847,7,1,462.95,462.95
2536,847,22,4,145.44,581.76
2537,847,15,2,244.14,488.28
2538,847,96,4,99.09,396.36
2539,847,69,3,224.73,674.19
2540,848,27,5,84.83,424.15
2541,848,31,4,181.28,725.12
2542,848,32,4,69.17,276.68
2543,848,66,4,448.18,1792.72
2544,849,22,2,145.44,290.88
2545,850,76,5,407.99,2039.95
2546,850,1,4,296.16,1184.64
2547,850,98,3,123.71,371.13
2548,850,98,4,123.71,494.84
2549,850,64,1,392.81,392.81
2550,851,56,1,241.65,241.65
2551,851,47,4,496.71,1986.84
2552,851,38,2,393.36,786.72
2553,851,18,1,147.15,147.15
2554,852,79,3,149.87,449.61
2555,852,93,1,411.85,411.85
2556,852,13,5,489.86,2449.3
2557,852,58,3,50.53,151.59
2558,853,95,1,359.54,359.54
2559,853,91,2,198.91,397.82
2560,853,58,4,50.53,202.12
2561,854,56,1,241.65,241.65
2562,854,20,3,325.41,976.23
2563,854,67,2,445.32,890.64
2564,855,76,5,407.99,2039.95
2565,856,1,3,296.16,888.48
2566,856,25,4,164.44,657.76
2567,856,25,3,164.44,493.32
2568,856,29,4,499.95,1999.8
2569,856,59,3,241.49,724.47
2570,857,96,4,99.09,396.36
2571,857,2,1,15.9,15.9
2572,857,44,2,316.6,633.2
2573,857,63,1,422.93,422.93
2574,858,55,2,87.61,175.22
2575,858,37,3,441.15,1323.45
2576,859,89,4,105.47,421.88
2577,859,35,1,192,192
2578,859,53,1,87.91,87.91
2579,860,4,1,339.06,339.06
2580,860,66,4,448.18,1792.72
2581,860,80,5,415.5,2077.5
2582,860,64,2,392.81,785.62
2583,860,8,2,130.57,261.14
2584,861,57,5,265.23,1326.15
2585,861,21,4,465.16,1860.64
2586,861,31,2,181.28,362.56
2587,861,80,4,415.5,1662
2588,861,10,2,204.47,408.94
2589,862,48,3,283.6,850.8
2590,862,60,3,64.01,192.03
2591,862,60,1,64.01,64.01
2592,862,36,5,469.13,2345.65
2593,863,90,1,277.64,277.64
2594,863,2,2,15.9,31.8
2595,863,5,5,489.52,2447.6
2596,864,77,2,362.44,724.88
2597,865,54,5,430.94,2154.7
2598,866,53,1,87.91,87.91
2599,867,76,4,407.99,1631.96
2600,867,35,1,192,192
2601,868,10,1,204.47,204.47
2602,868,74,1,420.55,420.55
2603,868,59,1,241.49,241.49
2604,868,93,5,411.85,2059.25
2605,869,74,1,420.55,420.55
2606,869,23,1,465.17,465.17
2607,870,1,1,296.16,296.16
2608,870,22,1,145.44,145.44
2609,870,51,2,182.75,365.5
2610,870,7,3,462.95,1388.85
2611,870,9,4,294.35,1177.4
2612,871,24,1,61.23,61.23
2613,871,61,1,329.26,329.26
2614,872,3,2,156.65,313.3
2615,872,4,2,339.06,678.12
2616,872,80,2,415.5,831
2617,872,12,3,249.4,748.2
2618,872,17,3,44.56,133.68
2619,873,87,1,254.38,254.38
2620,873,16,4,63.89,255.56
2621,874,73,3,261.57,784.71
2622,874,77,5,362.44,1812.2
2623,874,82,4,280.87,1123.48
2624,875,80,4,415.5,1662
2625,875,94,5,213.47,1067.35
2626,875,18,3,147.15,441.45
2627,875,9,4,294.35,1177.4
2628,875,88,3,311.47,934.41
2629,876,76,4,407.99,1631.96
2630,876,76,1,407.99,407.99
2631,876,17,2,44.56,89.12
2632,877,88,2,311.47,622.94
2633,878,66,4,448.18,1792.72
2634,879,48,2,283.6,567.2
2635,879,46,5,437.1,2185.5
2636,879,86,2,406.01,812.02
2637,879,58,3,50.53,151.59
2638,879,90,5,277.64,1388.2
2639,880,22,2,145.44,290.88
2640,880,24,1,61.23,61.23
2641,881,62,3,323.41,970.23
2642,881,78,1,410.5,410.5
2643,881,47,2,496.71,993.42
2644,882,60,2,64.01,128.02
2645,882,61,1,329.26,329.26
2646,882,89,2,105.47,210.94
2647,883,28,3,435.07,1305.21
2648,883,19,2,134.01,268.02
2649,883,10,4,204.47,817.88
2650,884,21,3,465.16,1395.48
2651,884,1,3,296.16,888.48
2652,884,83,4,39.67,158.68
2653,884,9,5,294.35,1471.75
2654,884,21,1,465.16,465.16
2655,885,14,2,339.67,679.34
2656,886,30,4,163.34,653.36
2657,886,67,2,445.32,890.64
2658,886,18,2,147.15,294.3
2659,887,11,3,187,561
2660,887,73,4,261.57,1046.28
2661,888,19,2,134.01,268.02
2662,888,94,1,213.47,213.47
2663,888,65,3,36.8,110.4
2664,889,96,5,99.09,495.45
2665,889,89,4,105.47,421.88
2666,889,51,3,182.75,548.25
2667,890,34,2,271.24,542.48
2668,890,52,3,372.69,1118.07
2669,890,56,1,241.65,241.65
2670,891,98,5,123.71,618.55
2671,891,100,2,18.9,37.8
2672,891,74,2,420.55,841.1
2673,891,54,3,430.94,1292.82
2674,891,69,5,224.73,1123.65
2675,892,38,5,393.36,1966.8
2676,893,34,3,271.24,813.72
2677,893,2,1,15.9,15.9
2678,893,49,2,442.76,885.52
2679,894,36,3,469.13,1407.39
2680,894,60,1,64.01,64.01
2681,894,98,1,123.71,123.71
2682,895,38,4,393.36,1573.44
2683,895,56,2,241.65,483.3
2684,895,44,2,316.6,633.2
2685,896,54,1,430.94,430.94
2686,896,76,5,407.99,2039.95
2687,896,77,2,362.44,724.88
2688,896,12,3,249.4,748.2
2689,896,68,4,358.28,1433.12
2690,897,73,3,261.57,784.71
2691,897,6,3,417.63,1252.89
2692,898,74,4,420.55,1682.2
2693,898,80,1,415.5,415.5
2694,898,60,5,64.01,320.05
2695,898,35,4,192,768
2696,899,26,3,229.28,687.84
2697,899,99,5,282.92,1414.6
2698,899,69,4,224.73,898.92
2699,899,1,4,296.16,1184.64
2700,899,99,2,282.92,565.84
2701,900,70,4,242.96,971.84
2702,900,52,1,372.69,372.69
2703,901,90,2,277.64,555.28
2704,901,65,5,36.8,184
2705,901,30,3,163.34,490.02
2706,902,59,3,241.49,724.47
2707,902,69,4,224.73,898.92
2708,902,34,5,271.24,1356.2
2709,902,43,5,419.36,2096.8
2710,902,56,2,241.65,483.3
2711,903,98,3,123.71,371.13
2712,904,100,2,18.9,37.8
2713,904,27,2,84.83,169.66
2714,905,89,4,105.47,421.88
2715,905,54,4,430.94,1723.76
2716,905,24,5,61.23,306.15
2717,905,82,3,280.87,842.61
2718,905,67,5,445.32,2226.6
2719,906,97,5,374.86,1874.3
2720,906,34,5,271.24,1356.2
2721,906,2,5,15.9,79.5
2722,906,50,3,255.43,766.29
2723,907,76,2,407.99,815.98
2724,907,17,2,44.56,89.12
2725,907,100,4,18.9,75.6
2726,908,52,5,372.69,1863.45
2727,908,21,3,465.16,1395.48
2728,909,46,4,437.1,1748.4
2729,909,23,4,465.17,1860.68
2730,909,93,5,411.85,2059.25
2731,910,50,2,255.43,510.86
2732,911,7,3,462.95,1388.85
2733,911,56,2,241.65,483.3
2734,911,61,5,329.26,1646.3
2735,912,34,3,271.24,813.72
2736,912,47,1,496.71,496.71
2737,912,34,2,271.24,542.48
2738,912,29,5,499.95,2499.75
2739,913,48,1,283.6,283.6
2740,913,70,5,242.96,1214.8
2741,913,53,4,87.91,351.64
2742,914,65,4,36.8,147.2
2743,914,55,5,87.61,438.05
2744,914,52,3,372.69,1118.07
2745,914,30,4,163.34,653.36
2746,914,22,3,145.44,436.32
2747,915,27,3,84.83,254.49
2748,915,32,3,69.17,207.51
2749,916,97,3,374.86,1124.58
2750,916,96,2,99.09,198.18
2751,916,72,3,288.9,866.7
2752,917,43,5,419.36,2096.8
2753,917,60,2,64.01,128.02
2754,917,62,4,323.41,1293.64
2755,917,1,5,296.16,1480.8
2756,917,59,3,241.49,724.47
2757,918,75,3,356.67,1070.01
2758,919,12,4,249.4,997.6
2759,920,75,1,356.67,356.67
2760,920,70,2,242.96,485.92
2761,920,44,1,316.6,316.6
2762,920,7,1,462.95,462.95
2763,920,13,5,489.86,2449.3
2764,921,83,3,39.67,119.01
2765,921,89,4,105.47,421.88
2766,921,59,3,241.49,724.47
2767,921,92,5,212.51,1062.55
2768,922,44,1,316.6,316.6
2769,922,68,3,358.28,1074.84
2770,922,63,2,422.93,845.86
2771,922,50,4,255.43,1021.72
2772,923,65,4,36.8,147.2
2773,923,95,5,359.54,1797.7
2774,923,84,5,13.99,69.95
2775,923,21,3,465.16,1395.48
2776,923,77,4,362.44,1449.76
2777,924,64,3,392.81,1178.43
2778,924,45,1,430.36,430.36
2779,924,33,5,72.83,364.15
2780,925,60,3,64.01,192.03
2781,925,18,3,147.15,441.45
2782,925,46,4,437.1,1748.4
2783,925,62,1,323.41,323.41
2784,925,66,4,448.18,1792.72
2785,926,80,1,415.5,415.5
2786,926,78,2,410.5,821
2787,926,32,3,69.17,207.51
2788,926,41,1,359.81,359.81
2789,927,57,3,265.23,795.69
2790,927,32,1,69.17,69.17
2791,927,58,2,50.53,101.06
2792,927,40,1,374.47,374.47
2793,928,23,1,465.17,465.17
2794,928,17,5,44.56,222.8
2795,929,57,1,265.23,265.23
2796,929,4,1,339.06,339.06
2797,930,69,5,224.73,1123.65
2798,930,63,3,422.93,1268.79
2799,931,51,3,182.75,548.25
2800,931,9,5,294.35,1471.75
2801,931,93,3,411.85,1235.55
2802,931,65,2,36.8,73.6
2803,931,72,4,288.9,1155.6
2804,932,95,4,359.54,1438.16
2805,932,5,2,489.52,979.04
2806,932,100,5,18.9,94.5
2807,933,96,4,99.09,396.36
2808,933,94,4,213.47,853.88
2809,933,72,1,288.9,288.9
2810,933,63,3,422.93,1268.79
2811,934,90,3,277.64,832.92
2812,934,9,2,294.35,588.7
2813,934,17,4,44.56,178.24
2814,935,58,5,50.53,252.65
2815,935,32,1,69.17,69.17
2816,935,94,3,213.47,640.41
2817,935,67,4,445.32,1781.28
2818,935,63,1,422.93,422.93
2819,936,20,2,325.41,650.82
2820,936,36,5,469.13,2345.65
2821,936,36,4,469.13,1876.52
2822,937,96,2,99.09,198.18
2823,937,46,3,437.1,1311.3
2824,937,43,1,419.36,419.36
2825,937,52,2,372.69,745.38
2826,937,29,5,499.95,2499.75
2827,938,83,3,39.67,119.01
2828,938,51,4,182.75,731
2829,938,89,4,105.47,421.88
2830,938,75,1,356.67,356.67
2831,938,17,5,44.56,222.8
2832,939,12,1,249.4,249.4
2833,939,13,1,489.86,489.86
2834,939,46,4,437.1,1748.4
2835,939,84,5,13.99,69.95
2836,939,26,4,229.28,917.12
2837,940,52,3,372.69,1118.07
2838,940,39,3,50.23,150.69
2839,940,37,1,441.15,441.15
2840,941,28,2,435.07,870.14
2841,941,22,2,145.44,290.88
2842,941,79,1,149.87,149.87
2843,941,83,3,39.67,119.01
2844,941,95,5,359.54,1797.7
2845,942,67,1,445.32,445.32
2846,942,48,5,283.6,1418
2847,943,96,3,99.09,297.27
2848,943,94,4,213.47,853.88
2849,943,98,1,123.71,123.71
2850,943,11,3,187,561
2851,944,48,2,283.6,567.2
2852,944,84,4,13.99,55.96
2853,944,54,4,430.94,1723.76
2854,944,86,5,406.01,2030.05
2855,944,35,4,192,768
2856,945,52,4,372.69,1490.76
2857,945,60,5,64.01,320.05
2858,945,3,2,156.65,313.3
2859,945,100,5,18.9,94.5
2860,945,26,2,229.28,458.56
2861,946,24,4,61.23,244.92
2862,946,8,4,130.57,522.28
2863,946,50,1,255.43,255.43
2864,946,11,5,187,935
2865,947,60,1,64.01,64.01
2866,947,33,1,72.83,72.83
2867,947,57,4,265.23,1060.92
2868,948,87,5,254.38,1271.9
2869,949,45,2,430.36,860.72
2870,949,87,2,254.38,508.76
2871,950,17,1,44.56,44.56
2872,951,97,4,374.86,1499.44
2873,951,89,2,105.47,210.94
2874,951,5,2,489.52,979.04
2875,951,81,2,15.29,30.58
2876,952,96,2,99.09,198.18
2877,952,52,3,372.69,1118.07
2878,952,12,2,249.4,498.8
2879,953,8,4,130.57,522.28
2880,953,79,5,149.87,749.35
2881,953,86,4,406.01,1624.04
2882,954,58,4,50.53,202.12
2883,954,33,5,72.83,364.15
2884,955,41,1,359.81,359.81
2885,955,65,4,36.8,147.2
2886,955,36,5,469.13,2345.65
2887,956,83,1,39.67,39.67
2888,956,87,3,254.38,763.14
2889,956,17,5,44.56,222.8
2890,956,55,3,87.61,262.83
2891,956,7,2,462.95,925.9
2892,957,48,3,283.6,850.8
2893,957,3,2,156.65,313.3
2894,957,86,3,406.01,1218.03
2895,957,34,2,271.24,542.48
2896,958,10,1,204.47,204.47
2897,958,100,4,18.9,75.6
2898,958,83,5,39.67,198.35
2899,958,79,5,149.87,749.35
2900,959,32,5,69.17,345.85
2901,959,46,4,437.1,1748.4
2902,960,81,2,15.29,30.58
2903,960,38,1,393.36,393.36
2904,960,89,3,105.47,316.41
2905,961,60,1,64.01,64.01
2906,961,57,1,265.23,265.23
2907,961,32,3,69.17,207.51
2908,962,79,2,149.87,299.74
2909,962,15,5,244.14,1220.7
2910,962,100,5,18.9,94.5
2911,963,54,2,430.94,861.88
2912,963,1,1,296.16,296.16
2913,963,51,2,182.75,365.5
2914,963,53,1,87.91,87.91
2915,963,29,4,499.95,1999.8
2916,964,35,1,192,192
2917,964,82,5,280.87,1404.35
2918,964,16,3,63.89,191.67
2919,965,96,2,99.09,198.18
2920,965,45,3,430.36,1291.08
2921,965,24,2,61.23,122.46
2922,965,62,3,323.41,970.23
2923,965,30,1,163.34,163.34
2924,966,88,2,311.47,622.94
2925,966,49,4,442.76,1771.04
2926,966,41,4,359.81,1439.24
2927,966,10,5,204.47,1022.35
2928,966,69,3,224.73,674.19
2929,967,20,5,325.41,1627.05
2930,967,28,2,435.07,870.14
2931,967,27,2,84.83,169.66
2932,967,24,1,61.23,61.23
2933,968,99,4,282.92,1131.68
2934,968,33,3,72.83,218.49
2935,968,65,5,36.8,184
2936,968,49,5,442.76,2213.8
2937,969,52,2,372.69,745.38
2938,969,77,5,362.44,1812.2
2939,970,83,5,39.67,198.35
2940,970,33,4,72.83,291.32
2941,970,1,2,296.16,592.32
2942,970,9,3,294.35,883.05
2943,971,89,3,105.47,316.41
2944,971,65,2,36.8,73.6
2945,971,46,3,437.1,1311.3
2946,971,90,3,277.64,832.92
2947,972,89,3,105.47,316.41
2948,972,66,5,448.18,2240.9
2949,972,72,4,288.9,1155.6
2950,972,59,4,241.49,965.96
2951,973,27,3,84.83,254.49
2952,973,85,1,28.48,28.48
2953,973,41,2,359.81,719.62
2954,973,67,5,445.32,2226.6
2955,973,40,4,374.47,1497.88
2956,974,46,1,437.1,437.1
2957,974,60,4,64.01,256.04
2958,974,52,5,372.69,1863.45
2959,974,19,1,134.01,134.01
2960,975,93,3,411.85,1235.55
2961,975,71,3,395.36,1186.08
2962,975,71,4,395.36,1581.44
2963,975,5,3,489.52,1468.56
2964,976,87,4,254.38,1017.52
2965,977,11,2,187,374
2966,978,30,3,163.34,490.02
2967,978,26,3,229.28,687.84
2968,978,4,4,339.06,1356.24
2969,978,51,4,182.75,731
2970,979,92,1,212.51,212.51
2971,979,95,1,359.54,359.54
2972,979,19,4,134.01,536.04
2973,979,16,5,63.89,319.45
2974,980,75,2,356.67,713.34
2975,980,94,4,213.47,853.88
2976,980,1,4,296.16,1184.64
2977,980,17,2,44.56,89.12
2978,980,41,2,359.81,719.62
2979,981,66,3,448.18,1344.54
2980,981,84,2,13.99,27.98
2981,982,34,3,271.24,813.72
2982,982,30,1,163.34,163.34
2983,983,94,4,213.47,853.88
2984,983,87,3,254.38,763.14
2985,983,26,3,229.28,687.84
2986,983,79,5,149.87,749.35
2987,983,78,3,410.5,1231.5
2988,984,51,2,182.75,365.5
2989,984,78,1,410.5,410.5
2990,984,8,3,130.57,391.71
2991,985,3,3,156.65,469.95
2992,986,99,2,282.92,565.84
2993,986,89,4,105.47,421.88
2994,986,53,4,87.91,351.64
2995,986,54,1,430.94,430.94
2996,987,100,1,18.9,18.9
2997,988,69,1,224.73,224.73
2998,988,65,5,36.8,184
2999,988,88,1,311.47,311.47
3000,988,31,3,181.28,543.84
3001,989,79,5,149.87,749.35
3002,989,51,1,182.75,182.75
3003,989,90,1,277.64,277.64
3004,990,25,2,164.44,328.88
3005,991,30,4,163.34,653.36
3006,991,21,2,465.16,930.32
3007,991,63,3,422.93,1268.79
3008,992,61,2,329.26,658.52
3009,992,40,2,374.47,748.94
3010,992,27,2,84.83,169.66
3011,993,44,3,316.6,949.8
3012,993,53,2,87.91,175.82
3013,993,9,1,294.35,294.35
3014,994,97,1,374.86,374.86
3015,994,55,2,87.61,175.22
3016,994,94,3,213.47,640.41
3017,994,97,2,374.86,749.72
3018,995,61,1,329.26,329.26
3019,996,8,1,130.57,130.57
3020,997,45,3,430.36,1291.08
3021,997,39,5,50.23,251.15
3022,998,96,4,99.09,396.36
3023,999,36,5,469.13,2345.65
3024,999,38,5,393.36,1966.8
3025,999,70,5,242.96,1214.8
3026,1000,4,3,339.06,1017.18